Workbook
Name Graph_Down: 'A Florent'!#REF!
Name Graph_Down: Dansler!#REF!
Name Graph_Down: doug!#REF!
Name Graph_Down: 'Emmanuel D'!#REF!
Name Graph_Down: 'Joris R'!#REF!
Name Graph_Down: Lesnoff!#REF!
Name Graph_Down: Lijour!#REF!
Name Graph_Down: 'Loudiyi '!#REF!
Name Graph_Down: mark!#REF!
Name Graph_Down: OPEX!#REF!
Name Graph_Down: pierre!#REF!
Name Graph_Down: Roger!#REF!
Name Graph_Down: #REF!
Name TableRes: 'A Florent'!$B$5
Name TableRes: Dansler!$B$5
Name TableRes: doug!$B$5
Name TableRes: 'Emmanuel D'!$B$5
Name TableRes: 'Joris R'!$B$5
Name TableRes: Lesnoff!$B$5
Name TableRes: Lijour!$B$5
Name TableRes: 'Loudiyi '!$B$5
Name TableRes: mark!$B$5
Name TableRes: OPEX!$B$5
Name TableRes: pierre!$B$5
Name TableRes: Roger!$B$5
Name TableRes: #REF!
Name VET: #REF!
Name VET: #REF!
Name VET: #REF!
Name VET: #REF!
Name VET: #REF!
Name VET: #REF!
Name VET: #REF!
Name VET: #REF!
Name VET: #REF!
Name VET: #REF!
Name VET: #REF!
Name VET: #REF!
Name VET: #REF!
Name X: OFFSET('A Florent'!#REF!,0,0,'A Florent'!$X$59,0)
Name X: OFFSET(Dansler!#REF!,0,0,Dansler!$X$59,0)
Name X: OFFSET(doug!#REF!,0,0,doug!$X$59,0)
Name X: OFFSET('Emmanuel D'!#REF!,0,0,'Emmanuel D'!$X$59,0)
Name X: OFFSET('Joris R'!#REF!,0,0,'Joris R'!$X$59,0)
Name X: OFFSET(Lesnoff!#REF!,0,0,Lesnoff!$X$59,0)
Name X: OFFSET(Lijour!#REF!,0,0,Lijour!$X$59,0)
Name X: OFFSET('Loudiyi '!#REF!,0,0,'Loudiyi '!$X$59,0)
Name X: OFFSET(mark!#REF!,0,0,mark!$X$59,0)
Name X: OFFSET(OPEX!#REF!,0,0,OPEX!$X$59,0)
Name X: OFFSET(pierre!#REF!,0,0,pierre!$X$59,0)
Name X: OFFSET(Roger!#REF!,0,0,Roger!$X$59,0)
Name X: OFFSET(#REF!,0,0,#REF!,0)
Name ZERO_REMOVED: 'A Florent'!#REF!
Name ZERO_REMOVED: Dansler!#REF!
Name ZERO_REMOVED: doug!#REF!
Name ZERO_REMOVED: 'Emmanuel D'!#REF!
Name ZERO_REMOVED: 'Joris R'!#REF!
Name ZERO_REMOVED: Lesnoff!#REF!
Name ZERO_REMOVED: Lijour!#REF!
Name ZERO_REMOVED: 'Loudiyi '!#REF!

Sheet Emmanuel D
W1: INSTRUCTIONS
C3: Challenge 2022 Emmanuel D.
C6: =CONCATENATE(D62," = f (",F62," )") -> REF = f (Ypred ) | H6: CALIBRATION INFORMATION
D7: =D62 -> REF | F7: =F62 -> Ypred | H7: N= | I7: 500 | X7: last point=
C8: N= | E8: =COUNT(Table2234210[REF]) -> 80 | H8: SECV= | I8: 1.2 | X8: =62+E8 -> 142
C9: Average= | D9: =AVERAGE(Table2234210[REF]) -> 11.1095 | F9: =AVERAGE(Table2234210[Ypred]) -> 10.952379 | H9: Number of Terms = | J9: 12
C10: Min= | D10: =MIN(Table2234210[REF]) -> 8.9700003 | E10: =ROUNDDOWN(MIN(D10,F10),0) -> 5 | F10: =MIN(Table2234210[Ypred]) -> 5.9089431 | H10: Alpha= | I10: 0.05 | W10: =E10+E20 -> 4.8428795
C11: Max= | D11: =MAX(Table2234210[REF]) -> 14.43 | E11: =ROUNDUP(MAX(D11,F11),0)+1 -> 18 | F11: =MAX(Table2234210[Ypred]) -> 16.442723 | H11: Tvalue= | I11: =TINV(I10,E8) -> 1.9900634 | W11: =E11+E20 -> 17.842879
C12: SD= | D12: =STDEV(Table2234210[REF]) -> 1.172905 | F12: =STDEV(Table2234210[Ypred]) -> 2.2888484 | H12: Fvalue= | I12: =FINV(I10,E8-1,I7-1-J9) -> 1.3057951
C13: Medians= | D13: =MEDIAN(Table2234210[REF]) -> 11.01 | F13: =MEDIAN(Table2234210[Ypred]) -> 10.995673
C14: SD_medians= | D14: =1.4826*(MEDIAN(Table2234210[abs(lab)])) -> 1.4677736 | F14: =1.4826*MEDIAN(Table2234210[abs(anl)]) -> 2.1065928
F15: Robust(medians)
C16: RMSEP= | E16: =SQRT(AVERAGE(Table2234210[dif^2])) -> 2.0264868 | F16: =SQRT(F18^2+E20^2) -> 2.7183607
C17: Median ABS errors= | F17: =MEDIAN(Table2234210[abs_errors]) -> 1.8304439
C18: SEPC= | E18: =STDEV(Table2234210[X-Y]) -> 2.0331336 | F18: =1.4826*MEDIAN(Table2234210[abs_errors]) -> 2.7138161 | H18: F_sep= | I18: =I8*I12 -> 1.5669542 | J18: =IF(E18>I18,"S"," ns ") -> S | X18: Yrec | Y18: Xrec
C19: RSDyx= | E19: =STEYX(Table2234210[REF],Table2234210[Ypred]) -> 1.0468351 | F19: =1.4826*MEDIAN(Table2234210[Abs_erroryx]) -> 1.0700527 | W19: y1rect= | X19: =E$26+E$25*E10 -> 8.0592431 | Y19: =E10 -> 5
C20: BIAS= | E20: =F9-D9 -> -0.15712055 | F20: =F13-D13 -> -0.014327692 | H20: Tobs_bias= | I20: =ABS(E20/(SQRT(SUM(Table2234210[dif^2])/(E8*(E8-1))))) -> 0.68913254 | J20: =IF(I20>I11,"S","ns") -> ns | W20: y2rect= | X20: =E$26+E$25*E11 -> 14.721006 | Y20: =E11 -> 18
C21: Slope= | E21: =SLOPE(Table2234210[REF],Table2234210[Ypred]) -> 0.23678018 | H21: Tobs_slope= | I21: =ABS(E21-1)*SQRT((E8-1)*F12^2/E19^2) -> 14.832076 | J21: =IF(I21>I11,"S"," ns ") -> S | W21: ym= | X21: =E$26+E$25*F9 -> 11.1095 | Y21: =F9 -> 10.952379
C22: Intercept= | E22: =INTERCEPT(Table2234210[REF],Table2234210[Ypred]) -> 8.5161936
C23: RSQ= | E23: =RSQ(Table2234210[REF],Table2234210[Ypred]) -> 0.2135006 | F23: =(D12^2-F19^2)/D12^2 -> 0.16769085
C24: RPD= | E24: =1/SQRT(1-E23) -> 1.1275889 | F24: =1/SQRT(1-F23) -> 1.0961189 | H24: RPD2= | I24: =D12/E19 -> 1.1204296
C25: Least rectangle slope= | E25: =(D12/F12) -> 0.51244329 | H25: Quartile75= | I25: =QUARTILE(Table2234210[abs_errors],3) -> 2.547165 | W25: cov(x,y)= | X25: =COVAR(Table2234210[REF],Table2234210[Ypred]) -> 1.2249448
C26: Least rectangle intercept= | E26: =D9-E25*F9 -> 5.4970267 | W26: sign(cov) | X26: =SIGN(X25) -> 1
C27: RMSEPrec= | E27: =SQRT(AVERAGE(Table2234210[dif_rec^2])) -> 1.2089624
W29: min resid= | X29: =MIN(Table2234210[X-Y]) -> -4.5345806 | Y29: =X29 -> -4.5345806
W30: max resid= | X30: =MAX(Table2234210[X-Y]) -> 2.9815676 | Y30: =X30 -> 2.9815676
X38: last point=
X39: =X8 -> 142 | Y39: the last point must be changed in serie 1 for X and Y
Y40: click in the graph
Y41: select data
X58: last point=
W59: =W60*E8 -> 8.6313868 | X59: =X39 -> 142
T60: =MEDIAN(Table2234210[abs(lab)]) -> 0.98999975 | V60: =MEDIAN(Table2234210[abs(anl)]) -> 1.4208774 | W60: =MEDIAN(Table2234210[Produits Lab x Anl]) -> 0.10789234
D61: Y | F61: X
B62: Position | C62: SN | D62: REF | E62: Column1 | F62: Ypred | G62: X-Y | H62: diff-bias | I62: Xbiased | J62: Yest | K62: RESyx | L62: Abs_erroryx | M62: yest_rect | N62: dif^2 | O62: dif rec | P62: dif_rec^2 | Q62: abs_errors | R62: Column3 | S62: lab-med | T62: abs(lab) | U62: anl-med | V62: abs(anl) | W62: Produits Lab x Anl | X62: =D62 -> REF | AA62: =F62 -> Ypred
B63: =VALUE((Table2234210[[#This Row],[Column3]]-62)) -> 1 | C63: S001 | D63: 9.9399996 | F63: 7.7669192 | G63: =Table2234210[[#This Row],[Ypred]]-Table2234210[[#This Row],[REF]] -> -2.1730804 | H63: =Table2234210[[#This Row],[X-Y]]-E$20 -> -2.0159599 | I63: =Table2234210[[#This Row],[Ypred]]-E$20 -> 7.9240397 | J63: =Table2234210[[#This Row],[Ypred]]*E$21+E$22 -> 10.355246 | K63: =Table2234210[[#This Row],[Yest]]-Table2234210[[#This Row],[REF]] -> 0.41524651 | L63: =ABS(Table2234210[[#This Row],[RESyx]]) -> 0.41524651 | M63: =Table2234210[[#This Row],[Ypred]]*E$25+E$26 -> 9.4771323 | N63: =Table2234210[[#This Row],[X-Y]]^2 -> 4.7222786 | O63: =Table2234210[[#This Row],[yest_rect]]-Table2234210[[#This Row],[REF]] -> -0.46286735 | P63: =Table2234210[[#This Row],[dif rec]]^2 -> 0.21424618 | Q63: =ABS(Table2234210[[#This Row],[diff-bias]]) -> 2.0159599 | R63: =CELL("row",Table2234210[[#This Row],[Position]]) -> 63 | S63: =Table2234210[[#This Row],[REF]]-D$13 -> -1.0700007 | T63: =ABS(Table2234210[[#This Row],[lab-med]]) -> 1.0700007 | U63: =Table2234210[[#This Row],[Ypred]]-F$13 -> -3.2287534 | V63: =ABS(Table2234210[[#This Row],[anl-med]]) -> 3.2287534 | W63: =Table2234210[[#This Row],[lab-med]]*Table2234210[[#This Row],[anl-med]] -> 3.4547682
B64: =VALUE((Table2234210[[#This Row],[Column3]]-62)) -> 2 | C64: S002 | D64: 10.020001 | F64: 12.395626 | G64: =Table2234210[[#This Row],[Ypred]]-Table2234210[[#This Row],[REF]] -> 2.3756252 | H64: =Table2234210[[#This Row],[X-Y]]-E$20 -> 2.5327457 | I64: =Table2234210[[#This Row],[Ypred]]-E$20 -> 12.552746 | J64: =Table2234210[[#This Row],[Ypred]]*E$21+E$22 -> 11.451232 | K64: =Table2234210[[#This Row],[Yest]]-Table2234210[[#This Row],[REF]] -> 1.4312316 | L64: =ABS(Table2234210[[#This Row],[RESyx]]) -> 1.4312316 | M64: =Table2234210[[#This Row],[Ypred]]*E$25+E$26 -> 11.849082 | N64: =Table2234210[[#This Row],[X-Y]]^2 -> 5.643595 | O64: =Table2234210[[#This Row],[yest_rect]]-Table2234210[[#This Row],[REF]] -> 1.8290813 | P64: =Table2234210[[#This Row],[dif rec]]^2 -> 3.3455385 | Q64: =ABS(Table2234210[[#This Row],[diff-bias]]) -> 2.5327457 | R64: =CELL("row",Table2234210[[#This Row],[Position]]) -> 64 | S64: =Table2234210[[#This Row],[REF]]-D$13 -> -0.98999975 | T64: =ABS(Table2234210[[#This Row],[lab-med]]) -> 0.98999975 | U64: =Table2234210[[#This Row],[Ypred]]-F$13 -> 1.3999531 | V64: =ABS(Table2234210[[#This Row],[anl-med]]) -> 1.3999531 | W64: =Table2234210[[#This Row],[lab-med]]*Table2234210[[#This Row],[anl-med]] -> -1.3859532
B65: =VALUE((Table2234210[[#This Row],[Column3]]-62)) -> 3 | C65: S003 | D65: 10 | F65: 5.9841559 | G65: =Table2234210[[#This Row],[Ypred]]-Table2234210[[#This Row],[REF]] -> -4.0158441 | H65: =Table2234210[[#This Row],[X-Y]]-E$20 -> -3.8587235 | I65: =Table2234210[[#This Row],[Ypred]]-E$20 -> 6.1412765 | J65: =Table2234210[[#This Row],[Ypred]]*E$21+E$22 -> 9.9331231 | K65: =Table2234210[[#This Row],[Yest]]-Table2234210[[#This Row],[REF]] -> -0.066876902 | L65: =ABS(Table2234210[[#This Row],[RESyx]]) -> 0.066876902 | M65: =Table2234210[[#This Row],[Ypred]]*E$25+E$26 -> 8.5635672 | N65: =Table2234210[[#This Row],[X-Y]]^2 -> 16.127004 | O65: =Table2234210[[#This Row],[yest_rect]]-Table2234210[[#This Row],[REF]] -> -1.4364328 | P65: =Table2234210[[#This Row],[dif rec]]^2 -> 2.0633392 | Q65: =ABS(Table2234210[[#This Row],[diff-bias]]) -> 3.8587235 | R65: =CELL("row",Table2234210[[#This Row],[Position]]) -> 65 | S65: =Table2234210[[#This Row],[REF]]-D$13 -> -1.0100003 | T65: =ABS(Table2234210[[#This Row],[lab-med]]) -> 1.0100003 | U65: =Table2234210[[#This Row],[Ypred]]-F$13 -> -5.0115166 | V65: =ABS(Table2234210[[#This Row],[anl-med]]) -> 5.0115166 | W65: =Table2234210[[#This Row],[lab-med]]*Table2234210[[#This Row],[anl-med]] -> 5.0616331
B66: =VALUE((Table2234210[[#This Row],[Column3]]-62)) -> 4 | C66: S004 | D66: 10.5 | F66: 12.900335 | G66: =Table2234210[[#This Row],[Ypred]]-Table2234210[[#This Row],[REF]] -> 2.4003349 | H66: =Table2234210[[#This Row],[X-Y]]-E$20 -> 2.5574555 | I66: =Table2234210[[#This Row],[Ypred]]-E$20 -> 13.057455 | J66: =Table2234210[[#This Row],[Ypred]]*E$21+E$22 -> 11.570737 | K66: =Table2234210[[#This Row],[Yest]]-Table2234210[[#This Row],[REF]] -> 1.0707372 | L66: =ABS(Table2234210[[#This Row],[RESyx]]) -> 1.0707372 | M66: =Table2234210[[#This Row],[Ypred]]*E$25+E$26 -> 12.107717 | N66: =Table2234210[[#This Row],[X-Y]]^2 -> 5.7616078 | O66: =Table2234210[[#This Row],[yest_rect]]-Table2234210[[#This Row],[REF]] -> 1.6077167 | P66: =Table2234210[[#This Row],[dif rec]]^2 -> 2.584753 | Q66: =ABS(Table2234210[[#This Row],[diff-bias]]) -> 2.5574555 | R66: =CELL("row",Table2234210[[#This Row],[Position]]) -> 66 | S66: =Table2234210[[#This Row],[REF]]-D$13 -> -0.51000025 | T66: =ABS(Table2234210[[#This Row],[lab-med]]) -> 0.51000025 | U66: =Table2234210[[#This Row],[Ypred]]-F$13 -> 1.9046624 | V66: =ABS(Table2234210[[#This Row],[anl-med]]) -> 1.9046624 | W66: =Table2234210[[#This Row],[lab-med]]*Table2234210[[#This Row],[anl-med]] -> -0.97137829
B67: =VALUE((Table2234210[[#This Row],[Column3]]-62)) -> 5 | C67: S005 | D67: 10.78 | F67: 6.2454191 | G67: =Table2234210[[#This Row],[Ypred]]-Table2234210[[#This Row],[REF]] -> -4.5345806 | H67: =Table2234210[[#This Row],[X-Y]]-E$20 -> -4.3774601 | I67: =Table2234210[[#This Row],[Ypred]]-E$20 -> 6.4025396 | J67: =Table2234210[[#This Row],[Ypred]]*E$21+E$22 -> 9.994985 | K67: =Table2234210[[#This Row],[Yest]]-Table2234210[[#This Row],[REF]] -> -0.78501466 | L67: =ABS(Table2234210[[#This Row],[RESyx]]) -> 0.78501466 | M67: =Table2234210[[#This Row],[Ypred]]*E$25+E$26 -> 8.6974498 | N67: =Table2234210[[#This Row],[X-Y]]^2 -> 20.562421 | O67: =Table2234210[[#This Row],[yest_rect]]-Table2234210[[#This Row],[REF]] -> -2.0825499 | P67: =Table2234210[[#This Row],[dif rec]]^2 -> 4.3370143 | Q67: =ABS(Table2234210[[#This Row],[diff-bias]]) -> 4.3774601 | R67: =CELL("row",Table2234210[[#This Row],[Position]]) -> 67 | S67: =Table2234210[[#This Row],[REF]]-D$13 -> -0.23000055 | T67: =ABS(Table2234210[[#This Row],[lab-med]]) -> 0.23000055 | U67: =Table2234210[[#This Row],[Ypred]]-F$13 -> -4.7502535 | V67: =ABS(Table2234210[[#This Row],[anl-med]]) -> 4.7502535 | W67: =Table2234210[[#This Row],[lab-med]]*Table2234210[[#This Row],[anl-med]] -> 1.0925609
B68: =VALUE((Table2234210[[#This Row],[Column3]]-62)) -> 6 | C68: S006 | D68: 10.45 | F68: 11.291112 | G68: =Table2234210[[#This Row],[Ypred]]-Table2234210[[#This Row],[REF]] -> 0.84111216 | H68: =Table2234210[[#This Row],[X-Y]]-E$20 -> 0.99823271 | I68: =Table2234210[[#This Row],[Ypred]]-E$20 -> 11.448233 | J68: =Table2234210[[#This Row],[Ypred]]*E$21+E$22 -> 11.189705 | K68: =Table2234210[[#This Row],[Yest]]-Table2234210[[#This Row],[REF]] -> 0.73970533 | L68: =ABS(Table2234210[[#This Row],[RESyx]]) -> 0.73970533 | M68: =Table2234210[[#This Row],[Ypred]]*E$25+E$26 -> 11.283081 | N68: =Table2234210[[#This Row],[X-Y]]^2 -> 0.70746967 | O68: =Table2234210[[#This Row],[yest_rect]]-Table2234210[[#This Row],[REF]] -> 0.83308139 | P68: =Table2234210[[#This Row],[dif rec]]^2 -> 0.6940246 | Q68: =ABS(Table2234210[[#This Row],[diff-bias]]) -> 0.99823271 | R68: =CELL("row",Table2234210[[#This Row],[Position]]) -> 68 | S68: =Table2234210[[#This Row],[REF]]-D$13 -> -0.56000045 | T68: =ABS(Table2234210[[#This Row],[lab-med]]) -> 0.56000045 | U68: =Table2234210[[#This Row],[Ypred]]-F$13 -> 0.2954394 | V68: =ABS(Table2234210[[#This Row],[anl-med]]) -> 0.2954394 | W68: =Table2234210[[#This Row],[lab-med]]*Table2234210[[#This Row],[anl-med]] -> -0.1654462
B69: =VALUE((Table2234210[[#This Row],[Column3]]-62)) -> 7 | C69: S007 | D69: 11.020001 | F69: 9.7267272 | G69: =Table2234210[[#This Row],[Ypred]]-Table2234210[[#This Row],[REF]] -> -1.2932733 | H69: =Table2234210[[#This Row],[X-Y]]-E$20 -> -1.1361528 | I69: =Table2234210[[#This Row],[Ypred]]-E$20 -> 9.8838477 | J69: =Table2234210[[#This Row],[Ypred]]*E$21+E$22 -> 10.81929 | K69: =Table2234210[[#This Row],[Yest]]-Table2234210[[#This Row],[REF]] -> -0.20071069 | L69: =ABS(Table2234210[[#This Row],[RESyx]]) -> 0.20071069 | M69: =Table2234210[[#This Row],[Ypred]]*E$25+E$26 -> 10.481423 | N69: =Table2234210[[#This Row],[X-Y]]^2 -> 1.6725559 | O69: =Table2234210[[#This Row],[yest_rect]]-Table2234210[[#This Row],[REF]] -> -0.53857778 | P69: =Table2234210[[#This Row],[dif rec]]^2 -> 0.29006603 | Q69: =ABS(Table2234210[[#This Row],[diff-bias]]) -> 1.1361528 | R69: =CELL("row",Table2234210[[#This Row],[Position]]) -> 69 | S69: =Table2234210[[#This Row],[REF]]-D$13 -> 0.01000025 | T69: =ABS(Table2234210[[#This Row],[lab-med]]) -> 0.01000025 | U69: =Table2234210[[#This Row],[Ypred]]-F$13 -> -1.2689454 | V69: =ABS(Table2234210[[#This Row],[anl-med]]) -> 1.2689454 | W69: =Table2234210[[#This Row],[lab-med]]*Table2234210[[#This Row],[anl-med]] -> -0.012689771
B70: =VALUE((Table2234210[[#This Row],[Column3]]-62)) -> 8 | C70: S008 | D70: 10.8 | F70: 11.848861 | G70: =Table2234210[[#This Row],[Ypred]]-Table2234210[[#This Row],[REF]] -> 1.0488612 | H70: =Table2234210[[#This Row],[X-Y]]-E$20 -> 1.2059817 | I70: =Table2234210[[#This Row],[Ypred]]-E$20 -> 12.005982 | J70: =Table2234210[[#This Row],[Ypred]]*E$21+E$22 -> 11.321769 | K70: =Table2234210[[#This Row],[Yest]]-Table2234210[[#This Row],[REF]] -> 0.52176895 | L70: =ABS(Table2234210[[#This Row],[RESyx]]) -> 0.52176895 | M70: =Table2234210[[#This Row],[Ypred]]*E$25+E$26 -> 11.568896 | N70: =Table2234210[[#This Row],[X-Y]]^2 -> 1.1001098 | O70: =Table2234210[[#This Row],[yest_rect]]-Table2234210[[#This Row],[REF]] -> 0.76889595 | P70: =Table2234210[[#This Row],[dif rec]]^2 -> 0.59120098 | Q70: =ABS(Table2234210[[#This Row],[diff-bias]]) -> 1.2059817 | R70: =CELL("row",Table2234210[[#This Row],[Position]]) -> 70 | S70: =Table2234210[[#This Row],[REF]]-D$13 -> -0.21000005 | T70: =ABS(Table2234210[[#This Row],[lab-med]]) -> 0.21000005 | U70: =Table2234210[[#This Row],[Ypred]]-F$13 -> 0.85318884 | V70: =ABS(Table2234210[[#This Row],[anl-med]]) -> 0.85318884 | W70: =Table2234210[[#This Row],[lab-med]]*Table2234210[[#This Row],[anl-med]] -> -0.1791697
B71: =VALUE((Table2234210[[#This Row],[Column3]]-62)) -> 9 | C71: S009 | D71: 10.88 | F71: 11.855726 | G71: =Table2234210[[#This Row],[Ypred]]-Table2234210[[#This Row],[REF]] -> 0.9757259 | H71: =Table2234210[[#This Row],[X-Y]]-E$20 -> 1.1328464 | I71: =Table2234210[[#This Row],[Ypred]]-E$20 -> 12.012847 | J71: =Table2234210[[#This Row],[Ypred]]*E$21+E$22 -> 11.323395 | K71: =Table2234210[[#This Row],[Yest]]-Table2234210[[#This Row],[REF]] -> 0.44339445 | L71: =ABS(Table2234210[[#This Row],[RESyx]]) -> 0.44339445 | M71: =Table2234210[[#This Row],[Ypred]]*E$25+E$26 -> 11.572414 | N71: =Table2234210[[#This Row],[X-Y]]^2 -> 0.95204103 | O71: =Table2234210[[#This Row],[yest_rect]]-Table2234210[[#This Row],[REF]] -> 0.69241376 | P71: =Table2234210[[#This Row],[dif rec]]^2 -> 0.47943682 | Q71: =ABS(Table2234210[[#This Row],[diff-bias]]) -> 1.1328464 | R71: =CELL("row",Table2234210[[#This Row],[Position]]) -> 71 | S71: =Table2234210[[#This Row],[REF]]-D$13 -> -0.13000015 | T71: =ABS(Table2234210[[#This Row],[lab-med]]) -> 0.13000015 | U71: =Table2234210[[#This Row],[Ypred]]-F$13 -> 0.86005344 | V71: =ABS(Table2234210[[#This Row],[anl-med]]) -> 0.86005344 | W71: =Table2234210[[#This Row],[lab-med]]*Table2234210[[#This Row],[anl-med]] -> -0.11180708
B72: =VALUE((Table2234210[[#This Row],[Column3]]-62)) -> 10 | C72: S010 | D72: 11.06 | F72: 7.8848495 | G72: =Table2234210[[#This Row],[Ypred]]-Table2234210[[#This Row],[REF]] -> -3.1751509 | H72: =Table2234210[[#This Row],[X-Y]]-E$20 -> -3.0180304 | I72: =Table2234210[[#This Row],[Ypred]]-E$20 -> 8.04197 | J72: =Table2234210[[#This Row],[Ypred]]*E$21+E$22 -> 10.38317 | K72: =Table2234210[[#This Row],[Yest]]-Table2234210[[#This Row],[REF]] -> -0.67683073 | L72: =ABS(Table2234210[[#This Row],[RESyx]]) -> 0.67683073 | M72: =Table2234210[[#This Row],[Ypred]]*E$25+E$26 -> 9.5375648 | N72: =Table2234210[[#This Row],[X-Y]]^2 -> 10.081583 | O72: =Table2234210[[#This Row],[yest_rect]]-Table2234210[[#This Row],[REF]] -> -1.5224356 | P72: =Table2234210[[#This Row],[dif rec]]^2 -> 2.31781 | Q72: =ABS(Table2234210[[#This Row],[diff-bias]]) -> 3.0180304 | R72: =CELL("row",Table2234210[[#This Row],[Position]]) -> 72 | S72: =Table2234210[[#This Row],[REF]]-D$13 -> 0.05000015 | T72: =ABS(Table2234210[[#This Row],[lab-med]]) -> 0.05000015 | U72: =Table2234210[[#This Row],[Ypred]]-F$13 -> -3.1108231 | V72: =ABS(Table2234210[[#This Row],[anl-med]]) -> 3.1108231 | W72: =Table2234210[[#This Row],[lab-med]]*Table2234210[[#This Row],[anl-med]] -> -0.15554162
B73: =VALUE((Table2234210[[#This Row],[Column3]]-62)) -> 11 | C73: S011 | D73: 11.09 | F73: 13.875867 | G73: =Table2234210[[#This Row],[Ypred]]-Table2234210[[#This Row],[REF]] -> 2.7858663 | H73: =Table2234210[[#This Row],[X-Y]]-E$20 -> 2.9429869 | I73: =Table2234210[[#This Row],[Ypred]]-E$20 -> 14.032987 | J73: =Table2234210[[#This Row],[Ypred]]*E$21+E$22 -> 11.801724 | K73: =Table2234210[[#This Row],[Yest]]-Table2234210[[#This Row],[REF]] -> 0.7117236 | L73: =ABS(Table2234210[[#This Row],[RESyx]]) -> 0.7117236 | M73: =Table2234210[[#This Row],[Ypred]]*E$25+E$26 -> 12.607621 | N73: =Table2234210[[#This Row],[X-Y]]^2 -> 7.7610512 | O73: =Table2234210[[#This Row],[yest_rect]]-Table2234210[[#This Row],[REF]] -> 1.5176211 | P73: =Table2234210[[#This Row],[dif rec]]^2 -> 2.3031739 | Q73: =ABS(Table2234210[[#This Row],[diff-bias]]) -> 2.9429869 | R73: =CELL("row",Table2234210[[#This Row],[Position]]) -> 73 | S73: =Table2234210[[#This Row],[REF]]-D$13 -> 0.07999995 | T73: =ABS(Table2234210[[#This Row],[lab-med]]) -> 0.07999995 | U73: =Table2234210[[#This Row],[Ypred]]-F$13 -> 2.880194 | V73: =ABS(Table2234210[[#This Row],[anl-med]]) -> 2.880194 | W73: =Table2234210[[#This Row],[lab-med]]*Table2234210[[#This Row],[anl-med]] -> 0.23041537
B74: =VALUE((Table2234210[[#This Row],[Column3]]-62)) -> 12 | C74: S012 | D74: 11.62 | F74: 11.18741 | G74: =Table2234210[[#This Row],[Ypred]]-Table2234210[[#This Row],[REF]] -> -0.43259003 | H74: =Table2234210[[#This Row],[X-Y]]-E$20 -> -0.27546948 | I74: =Table2234210[[#This Row],[Ypred]]-E$20 -> 11.34453 | J74: =Table2234210[[#This Row],[Ypred]]*E$21+E$22 -> 11.165151 | K74: =Table2234210[[#This Row],[Yest]]-Table2234210[[#This Row],[REF]] -> -0.45484937 | L74: =ABS(Table2234210[[#This Row],[RESyx]]) -> 0.45484937 | M74: =Table2234210[[#This Row],[Ypred]]*E$25+E$26 -> 11.22994 | N74: =Table2234210[[#This Row],[X-Y]]^2 -> 0.18713413 | O74: =Table2234210[[#This Row],[yest_rect]]-Table2234210[[#This Row],[REF]] -> -0.39006015 | P74: =Table2234210[[#This Row],[dif rec]]^2 -> 0.15214692 | Q74: =ABS(Table2234210[[#This Row],[diff-bias]]) -> 0.27546948 | R74: =CELL("row",Table2234210[[#This Row],[Position]]) -> 74 | S74: =Table2234210[[#This Row],[REF]]-D$13 -> 0.60999965 | T74: =ABS(Table2234210[[#This Row],[lab-med]]) -> 0.60999965 | U74: =Table2234210[[#This Row],[Ypred]]-F$13 -> 0.19173731 | V74: =ABS(Table2234210[[#This Row],[anl-med]]) -> 0.19173731 | W74: =Table2234210[[#This Row],[lab-med]]*Table2234210[[#This Row],[anl-med]] -> 0.11695969
... B142: =VALUE((Table2234210[[#This Row],[Column3]]-62)) -> 80 | C142: S080 | D142: 14.43 | F142: 16.442723 | G142: =Table2234210[[#This Row],[Ypred]]-Table2234210[[#This Row],[REF]] -> 2.0127231 | H142: =Table2234210[[#This Row],[X-Y]]-E$20 -> 2.1698437 | I142: =Table2234210[[#This Row],[Ypred]]-E$20 -> 16.599844 | J142: =Table2234210[[#This Row],[Ypred]]*E$21+E$22 -> 12.409505 | K142: =Table2234210[[#This Row],[Yest]]-Table2234210[[#This Row],[REF]] -> -2.0204957 | L142: =ABS(Table2234210[[#This Row],[RESyx]]) -> 2.0204957 | M142: =Table2234210[[#This Row],[Ypred]]*E$25+E$26 -> 13.92299 | N142: =Table2234210[[#This Row],[X-Y]]^2 -> 4.0510543 | O142: =Table2234210[[#This Row],[yest_rect]]-Table2234210[[#This Row],[REF]] -> -0.50701041 | P142: =Table2234210[[#This Row],[dif rec]]^2 -> 0.25705955 | Q142: =ABS(Table2234210[[#This Row],[diff-bias]]) -> 2.1698437 | R142: =CELL("row",Table2234210[[#This Row],[Position]]) -> 142 | S142: =Table2234210[[#This Row],[REF]]-D$13 -> 3.42 | T142: =ABS(Table2234210[[#This Row],[lab-med]]) -> 3.42 | U142: =Table2234210[[#This Row],[Ypred]]-F$13 -> 5.4470509 | V142: =ABS(Table2234210[[#This Row],[anl-med]]) -> 5.4470509 | W142: =Table2234210[[#This Row],[lab-med]]*Table2234210[[#This Row],[anl-med]] -> 18.628914

Sheet OPEX
W1: INSTRUCTIONS
C3: OPEX STUDENTS
C6: =CONCATENATE(D62," = f (",F62," )") -> REF = f (Ypred ) | H6: CALIBRATION INFORMATION
D7: =D62 -> REF | F7: =F62 -> Ypred | H7: N= | I7: 500 | X7: last point=
C8: N= | E8: =COUNT(Table22342102[REF]) -> 80 | H8: SECV= | I8: 1.2 | X8: =62+E8 -> 142
C9: Average= | D9: =AVERAGE(Table22342102[REF]) -> 11.1095 | F9: =AVERAGE(Table22342102[Ypred]) -> 11.826979 | H9: Number of Terms = | J9: 12
C10: Min= | D10: =MIN(Table22342102[REF]) -> 8.9700003 | E10: =ROUNDDOWN(MIN(D10,F10),0) -> 8 | F10: =MIN(Table22342102[Ypred]) -> 9.043918 | H10: Alpha= | I10: 0.05 | W10: =E10+E20 -> 8.7174794
C11: Max= | D11: =MAX(Table22342102[REF]) -> 14.43 | E11: =ROUNDUP(MAX(D11,F11),0)+1 -> 17 | F11: =MAX(Table22342102[Ypred]) -> 15.525519 | H11: Tvalue= | I11: =TINV(I10,E8) -> 1.9900634 | W11: =E11+E20 -> 17.717479
C12: SD= | D12: =STDEV(Table22342102[REF]) -> 1.172905 | F12: =STDEV(Table22342102[Ypred]) -> 1.2349607 | H12: Fvalue= | I12: =FINV(I10,E8-1,I7-1-J9) -> 1.3057951
C13: Medians= | D13: =MEDIAN(Table22342102[REF]) -> 11.01 | F13: =MEDIAN(Table22342102[Ypred]) -> 11.723969
C14: SD_medians= | D14: =1.4826*(MEDIAN(Table22342102[abs(lab)])) -> 1.4677736 | F14: =1.4826*MEDIAN(Table22342102[abs(anl)]) -> 1.316832
F15: Robust(medians)
C16: RMSEP= | E16: =SQRT(AVERAGE(Table22342102[dif^2])) -> 1.0193594 | F16: =SQRT(F18^2+E20^2) -> 1.0757805
C17: Median ABS errors= | F17: =MEDIAN(Table22342102[abs_errors]) -> 0.54065684
C18: SEPC= | E18: =STDEV(Table22342102[X-Y]) -> 0.72866576 | F18: =1.4826*MEDIAN(Table22342102[abs_errors]) -> 0.80157784 | H18: F_sep= | I18: =I8*I12 -> 1.5669542 | J18: =IF(E18>I18,"S"," ns ") -> ns | X18: Yrec | Y18: Xrec
C19: RSDyx= | E19: =STEYX(Table22342102[REF],Table22342102[Ypred]) -> 0.6789016 | F19: =1.4826*MEDIAN(Table22342102[Abs_erroryx]) -> 0.66179356 | W19: y1rect= | X19: =E$26+E$25*E10 -> 7.474823 | Y19: =E10 -> 8
C20: BIAS= | E20: =F9-D9 -> 0.71747945 | F20: =F13-D13 -> 0.71396875 | H20: Tobs_bias= | I20: =ABS(E20/(SQRT(SUM(Table22342102[dif^2])/(E8*(E8-1))))) -> 6.2559846 | J20: =IF(I20>I11,"S","ns") -> S | W20: y2rect= | X20: =E$26+E$25*E11 -> 16.022581 | Y20: =E11 -> 17
C21: Slope= | E21: =SLOPE(Table22342102[REF],Table22342102[Ypred]) -> 0.77694474 | H21: Tobs_slope= | I21: =ABS(E21-1)*SQRT((E8-1)*F12^2/E19^2) -> 3.6063868 | J21: =IF(I21>I11,"S"," ns ") -> S | W21: ym= | X21: =E$26+E$25*F9 -> 11.1095 | Y21: =F9 -> 11.826979
C22: Intercept= | E22: =INTERCEPT(Table22342102[REF],Table22342102[Ypred]) -> 1.9205905
C23: RSQ= | E23: =RSQ(Table22342102[REF],Table22342102[Ypred]) -> 0.66920761 | F23: =(D12^2-F19^2)/D12^2 -> 0.68163933
C24: RPD= | E24: =1/SQRT(1-E23) -> 1.7386903 | F24: =1/SQRT(1-F23) -> 1.7723125 | H24: RPD2= | I24: =D12/E19 -> 1.7276509
C25: Least rectangle slope= | E25: =(D12/F12) -> 0.94975087 | H25: Quartile75= | I25: =QUARTILE(Table22342102[abs_errors],3) -> 0.88844833 | W25: cov(x,y)= | X25: =COVAR(Table22342102[REF],Table22342102[Ypred]) -> 1.1701284
C26: Least rectangle intercept= | E26: =D9-E25*F9 -> -0.12318396 | W26: sign(cov) | X26: =SIGN(X25) -> 1
C27: RMSEPrec= | E27: =SQRT(AVERAGE(Table22342102[dif_rec^2])) -> 0.70310647
W29: min resid= | X29: =MIN(Table22342102[X-Y]) -> -1.0720791 | Y29: =X29 -> -1.0720791
W30: max resid= | X30: =MAX(Table22342102[X-Y]) -> 2.0450409 | Y30: =X30 -> 2.0450409
X38: last point=
X39: =X8 -> 142 | Y39: the last point must be changed in serie 1 for X and Y
Y40: click in the graph
Y41: select data
X58: last point=
W59: =W60*E8 -> 48.662407 | X59: =X39 -> 142
T60: =MEDIAN(Table22342102[abs(lab)]) -> 0.98999975 | V60: =MEDIAN(Table22342102[abs(anl)]) -> 0.888191 | W60: =MEDIAN(Table22342102[Produits Lab x Anl]) -> 0.60828009
D61: Y | F61: X
B62: Position | C62: SN | D62: REF | E62: Column1 | F62: Ypred | G62: X-Y | H62: diff-bias | I62: Xbiased | J62: Yest | K62: RESyx | L62: Abs_erroryx | M62: yest_rect | N62: dif^2 | O62: dif rec | P62: dif_rec^2 | Q62: abs_errors | R62: Column3 | S62: lab-med | T62: abs(lab) | U62: anl-med | V62: abs(anl) | W62: Produits Lab x Anl | X62: =D62 -> REF | AA62: =F62 -> Ypred
B63: =VALUE((Table22342102[[#This Row],[Column3]]-62)) -> 1 | C63: S001 | D63: 9.9399996 | F63: 10.118334 | G63: =Table22342102[[#This Row],[Ypred]]-Table22342102[[#This Row],[REF]] -> 0.1783344 | H63: =Table22342102[[#This Row],[X-Y]]-E$20 -> -0.53914504 | I63: =Table22342102[[#This Row],[Ypred]]-E$20 -> 9.4008546 | J63: =Table22342102[[#This Row],[Ypred]]*E$21+E$22 -> 9.7819769 | K63: =Table22342102[[#This Row],[Yest]]-Table22342102[[#This Row],[REF]] -> -0.1580227 | L63: =ABS(Table22342102[[#This Row],[RESyx]]) -> 0.1580227 | M63: =Table22342102[[#This Row],[Ypred]]*E$25+E$26 -> 9.4867125 | N63: =Table22342102[[#This Row],[X-Y]]^2 -> 0.031803158 | O63: =Table22342102[[#This Row],[yest_rect]]-Table22342102[[#This Row],[REF]] -> -0.45328709 | P63: =Table22342102[[#This Row],[dif rec]]^2 -> 0.20546919 | Q63: =ABS(Table22342102[[#This Row],[diff-bias]]) -> 0.53914504 | R63: =CELL("row",Table22342102[[#This Row],[Position]]) -> 63 | S63: =Table22342102[[#This Row],[REF]]-D$13 -> -1.0700007 | T63: =ABS(Table22342102[[#This Row],[lab-med]]) -> 1.0700007 | U63: =Table22342102[[#This Row],[Ypred]]-F$13 -> -1.605635 | V63: =ABS(Table22342102[[#This Row],[anl-med]]) -> 1.605635 | W63: =Table22342102[[#This Row],[lab-med]]*Table22342102[[#This Row],[anl-med]] -> 1.7180305
B64: =VALUE((Table22342102[[#This Row],[Column3]]-62)) -> 2 | C64: S002 | D64: 10.020001 | F64: 10.84305 | G64: =Table22342102[[#This Row],[Ypred]]-Table22342102[[#This Row],[REF]] -> 0.8230495 | H64: =Table22342102[[#This Row],[X-Y]]-E$20 -> 0.10557005 | I64: =Table22342102[[#This Row],[Ypred]]-E$20 -> 10.125571 | J64: =Table22342102[[#This Row],[Ypred]]*E$21+E$22 -> 10.345041 | K64: =Table22342102[[#This Row],[Yest]]-Table22342102[[#This Row],[REF]] -> 0.32504069 | L64: =ABS(Table22342102[[#This Row],[RESyx]]) -> 0.32504069 | M64: =Table22342102[[#This Row],[Ypred]]*E$25+E$26 -> 10.175012 | N64: =Table22342102[[#This Row],[X-Y]]^2 -> 0.67741048 | O64: =Table22342102[[#This Row],[yest_rect]]-Table22342102[[#This Row],[REF]] -> 0.15501166 | P64: =Table22342102[[#This Row],[dif rec]]^2 -> 0.024028614 | Q64: =ABS(Table22342102[[#This Row],[diff-bias]]) -> 0.10557005 | R64: =CELL("row",Table22342102[[#This Row],[Position]]) -> 64 | S64: =Table22342102[[#This Row],[REF]]-D$13 -> -0.98999975 | T64: =ABS(Table22342102[[#This Row],[lab-med]]) -> 0.98999975 | U64: =Table22342102[[#This Row],[Ypred]]-F$13 -> -0.880919 | V64: =ABS(Table22342102[[#This Row],[anl-med]]) -> 0.880919 | W64: =Table22342102[[#This Row],[lab-med]]*Table22342102[[#This Row],[anl-med]] -> 0.87210959
B65: =VALUE((Table22342102[[#This Row],[Column3]]-62)) -> 3 | C65: S003 | D65: 10 | F65: 10.022606 | G65: =Table22342102[[#This Row],[Ypred]]-Table22342102[[#This Row],[REF]] -> 0.022606 | H65: =Table22342102[[#This Row],[X-Y]]-E$20 -> -0.69487345 | I65: =Table22342102[[#This Row],[Ypred]]-E$20 -> 9.3051266 | J65: =Table22342102[[#This Row],[Ypred]]*E$21+E$22 -> 9.7076015 | K65: =Table22342102[[#This Row],[Yest]]-Table22342102[[#This Row],[REF]] -> -0.29239847 | L65: =ABS(Table22342102[[#This Row],[RESyx]]) -> 0.29239847 | M65: =Table22342102[[#This Row],[Ypred]]*E$25+E$26 -> 9.3957948 | N65: =Table22342102[[#This Row],[X-Y]]^2 -> 0.00051103124 | O65: =Table22342102[[#This Row],[yest_rect]]-Table22342102[[#This Row],[REF]] -> -0.60420524 | P65: =Table22342102[[#This Row],[dif rec]]^2 -> 0.36506397 | Q65: =ABS(Table22342102[[#This Row],[diff-bias]]) -> 0.69487345 | R65: =CELL("row",Table22342102[[#This Row],[Position]]) -> 65 | S65: =Table22342102[[#This Row],[REF]]-D$13 -> -1.0100003 | T65: =ABS(Table22342102[[#This Row],[lab-med]]) -> 1.0100003 | U65: =Table22342102[[#This Row],[Ypred]]-F$13 -> -1.701363 | V65: =ABS(Table22342102[[#This Row],[anl-med]]) -> 1.701363 | W65: =Table22342102[[#This Row],[lab-med]]*Table22342102[[#This Row],[anl-med]] -> 1.7183771
B66: =VALUE((Table22342102[[#This Row],[Column3]]-62)) -> 4 | C66: S004 | D66: 10.5 | F66: 11.288049 | G66: =Table22342102[[#This Row],[Ypred]]-Table22342102[[#This Row],[REF]] -> 0.788049 | H66: =Table22342102[[#This Row],[X-Y]]-E$20 -> 0.070569555 | I66: =Table22342102[[#This Row],[Ypred]]-E$20 -> 10.57057 | J66: =Table22342102[[#This Row],[Ypred]]*E$21+E$22 -> 10.690781 | K66: =Table22342102[[#This Row],[Yest]]-Table22342102[[#This Row],[REF]] -> 0.19078082 | L66: =ABS(Table22342102[[#This Row],[RESyx]]) -> 0.19078082 | M66: =Table22342102[[#This Row],[Ypred]]*E$25+E$26 -> 10.59765 | N66: =Table22342102[[#This Row],[X-Y]]^2 -> 0.62102123 | O66: =Table22342102[[#This Row],[yest_rect]]-Table22342102[[#This Row],[REF]] -> 0.097650343 | P66: =Table22342102[[#This Row],[dif rec]]^2 -> 0.0095355894 | Q66: =ABS(Table22342102[[#This Row],[diff-bias]]) -> 0.070569555 | R66: =CELL("row",Table22342102[[#This Row],[Position]]) -> 66 | S66: =Table22342102[[#This Row],[REF]]-D$13 -> -0.51000025 | T66: =ABS(Table22342102[[#This Row],[lab-med]]) -> 0.51000025 | U66: =Table22342102[[#This Row],[Ypred]]-F$13 -> -0.43592 | V66: =ABS(Table22342102[[#This Row],[anl-med]]) -> 0.43592 | W66: =Table22342102[[#This Row],[lab-med]]*Table22342102[[#This Row],[anl-med]] -> 0.22231931
B67: =VALUE((Table22342102[[#This Row],[Column3]]-62)) -> 5 | C67: S005 | D67: 10.78 | F67: 10.828506 | G67: =Table22342102[[#This Row],[Ypred]]-Table22342102[[#This Row],[REF]] -> 0.0485063 | H67: =Table22342102[[#This Row],[X-Y]]-E$20 -> -0.66897314 | I67: =Table22342102[[#This Row],[Ypred]]-E$20 -> 10.111027 | J67: =Table22342102[[#This Row],[Ypred]]*E$21+E$22 -> 10.333741 | K67: =Table22342102[[#This Row],[Yest]]-Table22342102[[#This Row],[REF]] -> -0.4462584 | L67: =ABS(Table22342102[[#This Row],[RESyx]]) -> 0.4462584 | M67: =Table22342102[[#This Row],[Ypred]]*E$25+E$26 -> 10.161199 | N67: =Table22342102[[#This Row],[X-Y]]^2 -> 0.0023528611 | O67: =Table22342102[[#This Row],[yest_rect]]-Table22342102[[#This Row],[REF]] -> -0.61880072 | P67: =Table22342102[[#This Row],[dif rec]]^2 -> 0.38291433 | Q67: =ABS(Table22342102[[#This Row],[diff-bias]]) -> 0.66897314 | R67: =CELL("row",Table22342102[[#This Row],[Position]]) -> 67 | S67: =Table22342102[[#This Row],[REF]]-D$13 -> -0.23000055 | T67: =ABS(Table22342102[[#This Row],[lab-med]]) -> 0.23000055 | U67: =Table22342102[[#This Row],[Ypred]]-F$13 -> -0.895463 | V67: =ABS(Table22342102[[#This Row],[anl-med]]) -> 0.895463 | W67: =Table22342102[[#This Row],[lab-med]]*Table22342102[[#This Row],[anl-med]] -> 0.20595698
B68: =VALUE((Table22342102[[#This Row],[Column3]]-62)) -> 6 | C68: S006 | D68: 10.45 | F68: 11.729757 | G68: =Table22342102[[#This Row],[Ypred]]-Table22342102[[#This Row],[REF]] -> 1.2797572 | H68: =Table22342102[[#This Row],[X-Y]]-E$20 -> 0.56227775 | I68: =Table22342102[[#This Row],[Ypred]]-E$20 -> 11.012278 | J68: =Table22342102[[#This Row],[Ypred]]*E$21+E$22 -> 11.033964 | K68: =Table22342102[[#This Row],[Yest]]-Table22342102[[#This Row],[REF]] -> 0.58396373 | L68: =ABS(Table22342102[[#This Row],[RESyx]]) -> 0.58396373 | M68: =Table22342102[[#This Row],[Ypred]]*E$25+E$26 -> 11.017163 | N68: =Table22342102[[#This Row],[X-Y]]^2 -> 1.6377785 | O68: =Table22342102[[#This Row],[yest_rect]]-Table22342102[[#This Row],[REF]] -> 0.5671631 | P68: =Table22342102[[#This Row],[dif rec]]^2 -> 0.32167398 | Q68: =ABS(Table22342102[[#This Row],[diff-bias]]) -> 0.56227775 | R68: =CELL("row",Table22342102[[#This Row],[Position]]) -> 68 | S68: =Table22342102[[#This Row],[REF]]-D$13 -> -0.56000045 | T68: =ABS(Table22342102[[#This Row],[lab-med]]) -> 0.56000045 | U68: =Table22342102[[#This Row],[Ypred]]-F$13 -> 0.005788 | V68: =ABS(Table22342102[[#This Row],[anl-med]]) -> 0.005788 | W68: =Table22342102[[#This Row],[lab-med]]*Table22342102[[#This Row],[anl-med]] -> -0.0032412826
B69: =VALUE((Table22342102[[#This Row],[Column3]]-62)) -> 7 | C69: S007 | D69: 11.020001 | F69: 11.444082 | G69: =Table22342102[[#This Row],[Ypred]]-Table22342102[[#This Row],[REF]] -> 0.4240815 | H69: =Table22342102[[#This Row],[X-Y]]-E$20 -> -0.29339795 | I69: =Table22342102[[#This Row],[Ypred]]-E$20 -> 10.726603 | J69: =Table22342102[[#This Row],[Ypred]]*E$21+E$22 -> 10.81201 | K69: =Table22342102[[#This Row],[Yest]]-Table22342102[[#This Row],[REF]] -> -0.20799066 | L69: =ABS(Table22342102[[#This Row],[RESyx]]) -> 0.20799066 | M69: =Table22342102[[#This Row],[Ypred]]*E$25+E$26 -> 10.745843 | N69: =Table22342102[[#This Row],[X-Y]]^2 -> 0.17984512 | O69: =Table22342102[[#This Row],[yest_rect]]-Table22342102[[#This Row],[REF]] -> -0.27415768 | P69: =Table22342102[[#This Row],[dif rec]]^2 -> 0.075162434 | Q69: =ABS(Table22342102[[#This Row],[diff-bias]]) -> 0.29339795 | R69: =CELL("row",Table22342102[[#This Row],[Position]]) -> 69 | S69: =Table22342102[[#This Row],[REF]]-D$13 -> 0.01000025 | T69: =ABS(Table22342102[[#This Row],[lab-med]]) -> 0.01000025 | U69: =Table22342102[[#This Row],[Ypred]]-F$13 -> -0.279887 | V69: =ABS(Table22342102[[#This Row],[anl-med]]) -> 0.279887 | W69: =Table22342102[[#This Row],[lab-med]]*Table22342102[[#This Row],[anl-med]] -> -0.00279894
B70: =VALUE((Table22342102[[#This Row],[Column3]]-62)) -> 8 | C70: S008 | D70: 10.8 | F70: 11.774803 | G70: =Table22342102[[#This Row],[Ypred]]-Table22342102[[#This Row],[REF]] -> 0.9748028 | H70: =Table22342102[[#This Row],[X-Y]]-E$20 -> 0.25732336 | I70: =Table22342102[[#This Row],[Ypred]]-E$20 -> 11.057324 | J70: =Table22342102[[#This Row],[Ypred]]*E$21+E$22 -> 11.068962 | K70: =Table22342102[[#This Row],[Yest]]-Table22342102[[#This Row],[REF]] -> 0.26896158 | L70: =ABS(Table22342102[[#This Row],[RESyx]]) -> 0.26896158 | M70: =Table22342102[[#This Row],[Ypred]]*E$25+E$26 -> 11.059945 | N70: =Table22342102[[#This Row],[X-Y]]^2 -> 0.9502405 | O70: =Table22342102[[#This Row],[yest_rect]]-Table22342102[[#This Row],[REF]] -> 0.25994518 | P70: =Table22342102[[#This Row],[dif rec]]^2 -> 0.067571494 | Q70: =ABS(Table22342102[[#This Row],[diff-bias]]) -> 0.25732336 | R70: =CELL("row",Table22342102[[#This Row],[Position]]) -> 70 | S70: =Table22342102[[#This Row],[REF]]-D$13 -> -0.21000005 | T70: =ABS(Table22342102[[#This Row],[lab-med]]) -> 0.21000005 | U70: =Table22342102[[#This Row],[Ypred]]-F$13 -> 0.050834 | V70: =ABS(Table22342102[[#This Row],[anl-med]]) -> 0.050834 | W70: =Table22342102[[#This Row],[lab-med]]*Table22342102[[#This Row],[anl-med]] -> -0.010675143
B71: =VALUE((Table22342102[[#This Row],[Column3]]-62)) -> 9 | C71: S009 | D71: 10.88 | F71: 11.93661 | G71: =Table22342102[[#This Row],[Ypred]]-Table22342102[[#This Row],[REF]] -> 1.0566099 | H71: =Table22342102[[#This Row],[X-Y]]-E$20 -> 0.33913045 | I71: =Table22342102[[#This Row],[Ypred]]-E$20 -> 11.219131 | J71: =Table22342102[[#This Row],[Ypred]]*E$21+E$22 -> 11.194677 | K71: =Table22342102[[#This Row],[Yest]]-Table22342102[[#This Row],[REF]] -> 0.31467678 | L71: =ABS(Table22342102[[#This Row],[RESyx]]) -> 0.31467678 | M71: =Table22342102[[#This Row],[Ypred]]*E$25+E$26 -> 11.213622 | N71: =Table22342102[[#This Row],[X-Y]]^2 -> 1.1164245 | O71: =Table22342102[[#This Row],[yest_rect]]-Table22342102[[#This Row],[REF]] -> 0.33362161 | P71: =Table22342102[[#This Row],[dif rec]]^2 -> 0.11130338 | Q71: =ABS(Table22342102[[#This Row],[diff-bias]]) -> 0.33913045 | R71: =CELL("row",Table22342102[[#This Row],[Position]]) -> 71 | S71: =Table22342102[[#This Row],[REF]]-D$13 -> -0.13000015 | T71: =ABS(Table22342102[[#This Row],[lab-med]]) -> 0.13000015 | U71: =Table22342102[[#This Row],[Ypred]]-F$13 -> 0.212641 | V71: =ABS(Table22342102[[#This Row],[anl-med]]) -> 0.212641 | W71: =Table22342102[[#This Row],[lab-med]]*Table22342102[[#This Row],[anl-med]] -> -0.027643362
B72: =VALUE((Table22342102[[#This Row],[Column3]]-62)) -> 10 | C72: S010 | D72: 11.06 | F72: 11.47833 | G72: =Table22342102[[#This Row],[Ypred]]-Table22342102[[#This Row],[REF]] -> 0.4183296 | H72: =Table22342102[[#This Row],[X-Y]]-E$20 -> -0.29914985 | I72: =Table22342102[[#This Row],[Ypred]]-E$20 -> 10.760851 | J72: =Table22342102[[#This Row],[Ypred]]*E$21+E$22 -> 10.838619 | K72: =Table22342102[[#This Row],[Yest]]-Table22342102[[#This Row],[REF]] -> -0.22138176 | L72: =ABS(Table22342102[[#This Row],[RESyx]]) -> 0.22138176 | M72: =Table22342102[[#This Row],[Ypred]]*E$25+E$26 -> 10.77837 | N72: =Table22342102[[#This Row],[X-Y]]^2 -> 0.17499965 | O72: =Table22342102[[#This Row],[yest_rect]]-Table22342102[[#This Row],[REF]] -> -0.28163051 | P72: =Table22342102[[#This Row],[dif rec]]^2 -> 0.079315746 | Q72: =ABS(Table22342102[[#This Row],[diff-bias]]) -> 0.29914985 | R72: =CELL("row",Table22342102[[#This Row],[Position]]) -> 72 | S72: =Table22342102[[#This Row],[REF]]-D$13 -> 0.05000015 | T72: =ABS(Table22342102[[#This Row],[lab-med]]) -> 0.05000015 | U72: =Table22342102[[#This Row],[Ypred]]-F$13 -> -0.245639 | V72: =ABS(Table22342102[[#This Row],[anl-med]]) -> 0.245639 | W72: =Table22342102[[#This Row],[lab-med]]*Table22342102[[#This Row],[anl-med]] -> -0.012281987
B73: =VALUE((Table22342102[[#This Row],[Column3]]-62)) -> 11 | C73: S011 | D73: 11.09 | F73: 12.968497 | G73: =Table22342102[[#This Row],[Ypred]]-Table22342102[[#This Row],[REF]] -> 1.8784968 | H73: =Table22342102[[#This Row],[X-Y]]-E$20 -> 1.1610174 | I73: =Table22342102[[#This Row],[Ypred]]-E$20 -> 12.251018 | J73: =Table22342102[[#This Row],[Ypred]]*E$21+E$22 -> 11.996396 | K73: =Table22342102[[#This Row],[Yest]]-Table22342102[[#This Row],[REF]] -> 0.90639586 | L73: =ABS(Table22342102[[#This Row],[RESyx]]) -> 0.90639586 | M73: =Table22342102[[#This Row],[Ypred]]*E$25+E$26 -> 12.193657 | N73: =Table22342102[[#This Row],[X-Y]]^2 -> 3.5287502 | O73: =Table22342102[[#This Row],[yest_rect]]-Table22342102[[#This Row],[REF]] -> 1.1036571 | P73: =Table22342102[[#This Row],[dif rec]]^2 -> 1.218059 | Q73: =ABS(Table22342102[[#This Row],[diff-bias]]) -> 1.1610174 | R73: =CELL("row",Table22342102[[#This Row],[Position]]) -> 73 | S73: =Table22342102[[#This Row],[REF]]-D$13 -> 0.07999995 | T73: =ABS(Table22342102[[#This Row],[lab-med]]) -> 0.07999995 | U73: =Table22342102[[#This Row],[Ypred]]-F$13 -> 1.244528 | V73: =ABS(Table22342102[[#This Row],[anl-med]]) -> 1.244528 | W73: =Table22342102[[#This Row],[lab-med]]*Table22342102[[#This Row],[anl-med]] -> 0.099562178
B74: =VALUE((Table22342102[[#This Row],[Column3]]-62)) -> 12 | C74: S012 | D74: 11.62 | F74: 11.81107 | G74: =Table22342102[[#This Row],[Ypred]]-Table22342102[[#This Row],[REF]] -> 0.1910701 | H74: =Table22342102[[#This Row],[X-Y]]-E$20 -> -0.52640934 | I74: =Table22342102[[#This Row],[Ypred]]-E$20 -> 11.093591 | J74: =Table22342102[[#This Row],[Ypred]]*E$21+E$22 -> 11.097139 | K74: =Table22342102[[#This Row],[Yest]]-Table22342102[[#This Row],[REF]] -> -0.52286066 | L74: =ABS(Table22342102[[#This Row],[RESyx]]) -> 0.52286066 | M74: =Table22342102[[#This Row],[Ypred]]*E$25+E$26 -> 11.09439 | N74: =Table22342102[[#This Row],[X-Y]]^2 -> 0.036507783 | O74: =Table22342102[[#This Row],[yest_rect]]-Table22342102[[#This Row],[REF]] -> -0.52560991 | P74: =Table22342102[[#This Row],[dif rec]]^2 -> 0.27626578 | Q74: =ABS(Table22342102[[#This Row],[diff-bias]]) -> 0.52640934 | R74: =CELL("row",Table22342102[[#This Row],[Position]]) -> 74 | S74: =Table22342102[[#This Row],[REF]]-D$13 -> 0.60999965 | T74: =ABS(Table22342102[[#This Row],[lab-med]]) -> 0.60999965 | U74: =Table22342102[[#This Row],[Ypred]]-F$13 -> 0.087101 | V74: =ABS(Table22342102[[#This Row],[anl-med]]) -> 0.087101 | W74: =Table22342102[[#This Row],[lab-med]]*Table22342102[[#This Row],[anl-med]] -> 0.05313158
... B142: =VALUE((Table22342102[[#This Row],[Column3]]-62)) -> 80 | C142: S080 | D142: 14.43 | F142: 15.525519 | G142: =Table22342102[[#This Row],[Ypred]]-Table22342102[[#This Row],[REF]] -> 1.0955187 | H142: =Table22342102[[#This Row],[X-Y]]-E$20 -> 0.37803925 | I142: =Table22342102[[#This Row],[Ypred]]-E$20 -> 14.80804 | J142: =Table22342102[[#This Row],[Ypred]]*E$21+E$22 -> 13.983061 | K142: =Table22342102[[#This Row],[Yest]]-Table22342102[[#This Row],[REF]] -> -0.44693944 | L142: =ABS(Table22342102[[#This Row],[RESyx]]) -> 0.44693944 | M142: =Table22342102[[#This Row],[Ypred]]*E$25+E$26 -> 14.622191 | N142: =Table22342102[[#This Row],[X-Y]]^2 -> 1.2001612 | O142: =Table22342102[[#This Row],[yest_rect]]-Table22342102[[#This Row],[REF]] -> 0.19219084 | P142: =Table22342102[[#This Row],[dif rec]]^2 -> 0.03693732 | Q142: =ABS(Table22342102[[#This Row],[diff-bias]]) -> 0.37803925 | R142: =CELL("row",Table22342102[[#This Row],[Position]]) -> 142 | S142: =Table22342102[[#This Row],[REF]]-D$13 -> 3.42 | T142: =ABS(Table22342102[[#This Row],[lab-med]]) -> 3.42 | U142: =Table22342102[[#This Row],[Ypred]]-F$13 -> 3.80155 | V142: =ABS(Table22342102[[#This Row],[anl-med]]) -> 3.80155 | W142: =Table22342102[[#This Row],[lab-med]]*Table22342102[[#This Row],[anl-med]] -> 13.001301

Sheet Lijour
W1: INSTRUCTIONS
C3: Lijour
C6: =CONCATENATE(D62," = f (",F62," )") -> REF = f (yval ) | H6: CALIBRATION INFORMATION
D7: =D62 -> REF | F7: =F62 -> yval | H7: N= | I7: 500 | X7: last point=
C8: N= | E8: =COUNT(Table223421023[REF]) -> 80 | H8: SECV= | I8: 1.2 | X8: =62+E8 -> 142
C9: Average= | D9: =AVERAGE(Table223421023[REF]) -> 11.1095 | F9: =AVERAGE(Table223421023[yval]) -> 11.887997 | H9: Number of Terms = | J9: 12
C10: Min= | D10: =MIN(Table223421023[REF]) -> 8.9700003 | E10: =ROUNDDOWN(MIN(D10,F10),0) -> 5 | F10: =MIN(Table223421023[yval]) -> 5.7431371 | H10: Alpha= | I10: 0.05 | W10: =E10+E20 -> 5.778497
C11: Max= | D11: =MAX(Table223421023[REF]) -> 14.43 | E11: =ROUNDUP(MAX(D11,F11),0)+1 -> 18 | F11: =MAX(Table223421023[yval]) -> 16.424855 | H11: Tvalue= | I11: =TINV(I10,E8) -> 1.9900634 | W11: =E11+E20 -> 18.778497
C12: SD= | D12: =STDEV(Table223421023[REF]) -> 1.172905 | F12: =STDEV(Table223421023[yval]) -> 2.0323718 | H12: Fvalue= | I12: =FINV(I10,E8-1,I7-1-J9) -> 1.3057951
C13: Medians= | D13: =MEDIAN(Table223421023[REF]) -> 11.01 | F13: =MEDIAN(Table223421023[yval]) -> 11.967787
C14: SD_medians= | D14: =1.4826*(MEDIAN(Table223421023[abs(lab)])) -> 1.4677736 | F14: =1.4826*MEDIAN(Table223421023[abs(anl)]) -> 1.8605665
F15: Robust(medians)
C16: RMSEP= | E16: =SQRT(AVERAGE(Table223421023[dif^2])) -> 2.2456576 | F16: =SQRT(F18^2+E20^2) -> 2.2116705
C17: Median ABS errors= | F17: =MEDIAN(Table223421023[abs_errors]) -> 1.396282
C18: SEPC= | E18: =STDEV(Table223421023[X-Y]) -> 2.1196896 | F18: =1.4826*MEDIAN(Table223421023[abs_errors]) -> 2.0701277 | H18: F_sep= | I18: =I8*I12 -> 1.5669542 | J18: =IF(E18>I18,"S"," ns ") -> S | X18: Yrec | Y18: Xrec
C19: RSDyx= | E19: =STEYX(Table223421023[REF],Table223421023[yval]) -> 1.1534378 | F19: =1.4826*MEDIAN(Table223421023[Abs_erroryx]) -> 1.2699536 | W19: y1rect= | X19: =E$26+E$25*E10 -> 7.1343582 | Y19: =E10 -> 5
C20: BIAS= | E20: =F9-D9 -> 0.77849698 | F20: =F13-D13 -> 0.95778715 | H20: Tobs_bias= | I20: =ABS(E20/(SQRT(SUM(Table223421023[dif^2])/(E8*(E8-1))))) -> 3.0812501 | J20: =IF(I20>I11,"S","ns") -> S | W20: y2rect= | X20: =E$26+E$25*E11 -> 14.636807 | Y20: =E11 -> 18
C21: Slope= | E21: =SLOPE(Table223421023[REF],Table223421023[yval]) -> 0.12264239 | H21: Tobs_slope= | I21: =ABS(E21-1)*SQRT((E8-1)*F12^2/E19^2) -> 13.740393 | J21: =IF(I21>I11,"S"," ns ") -> S | W21: ym= | X21: =E$26+E$25*F9 -> 11.1095 | Y21: =F9 -> 11.887997
C22: Intercept= | E22: =INTERCEPT(Table223421023[REF],Table223421023[yval]) -> 9.6515277
C23: RSQ= | E23: =RSQ(Table223421023[REF],Table223421023[yval]) -> 0.045160822 | F23: =(D12^2-F19^2)/D12^2 -> -0.17233048
C24: RPD= | E24: =1/SQRT(1-E23) -> 1.0233752 | F24: =1/SQRT(1-F23) -> 0.92358096 | H24: RPD2= | I24: =D12/E19 -> 1.0168775
C25: Least rectangle slope= | E25: =(D12/F12) -> 0.57711142 | H25: Quartile75= | I25: =QUARTILE(Table223421023[abs_errors],3) -> 2.3849212 | W25: cov(x,y)= | X25: =COVAR(Table223421023[REF],Table223421023[yval]) -> 0.50024645
C26: Least rectangle intercept= | E26: =D9-E25*F9 -> 4.2488011 | W26: sign(cov) | X26: =SIGN(X25) -> 1
C27: RMSEPrec= | E27: =SQRT(AVERAGE(Table223421023[dif_rec^2])) -> 1.4627452
W29: min resid= | X29: =MIN(Table223421023[X-Y]) -> -6.9568627 | Y29: =X29 -> -6.9568627
W30: max resid= | X30: =MAX(Table223421023[X-Y]) -> 6.3248549 | Y30: =X30 -> 6.3248549
X38: last point=
X39: =X8 -> 142 | Y39: the last point must be changed in serie 1 for X and Y
Y40: click in the graph
Y41: select data
X58: last point=
W59: =W60*E8 -> 2.7529602 | X59: =X39 -> 142
T60: =MEDIAN(Table223421023[abs(lab)]) -> 0.98999975 | V60: =MEDIAN(Table223421023[abs(anl)]) -> 1.2549349 | W60: =MEDIAN(Table223421023[Produits Lab x Anl]) -> 0.034412002
D61: Y | F61: X
B62: Position | C62: SN | D62: REF | E62: Column1 | F62: yval | G62: X-Y | H62: diff-bias | I62: Xbiased | J62: Yest | K62: RESyx | L62: Abs_erroryx | M62: yest_rect | N62: dif^2 | O62: dif rec | P62: dif_rec^2 | Q62: abs_errors | R62: Column3 | S62: lab-med | T62: abs(lab) | U62: anl-med | V62: abs(anl) | W62: Produits Lab x Anl | X62: =D62 -> REF | AA62: =F62 -> yval
B63: =VALUE((Table223421023[[#This Row],[Column3]]-62)) -> 1 | C63: S001 | D63: 9.9399996 | F63: 9.1510476 | G63: =Table223421023[[#This Row],[yval]]-Table223421023[[#This Row],[REF]] -> -0.78895195 | H63: =Table223421023[[#This Row],[X-Y]]-E$20 -> -1.5674489 | I63: =Table223421023[[#This Row],[yval]]-E$20 -> 8.3725507 | J63: =Table223421023[[#This Row],[yval]]*E$21+E$22 -> 10.773834 | K63: =Table223421023[[#This Row],[Yest]]-Table223421023[[#This Row],[REF]] -> 0.83383439 | L63: =ABS(Table223421023[[#This Row],[RESyx]]) -> 0.83383439 | M63: =Table223421023[[#This Row],[yval]]*E$25+E$26 -> 9.5299753 | N63: =Table223421023[[#This Row],[X-Y]]^2 -> 0.62244519 | O63: =Table223421023[[#This Row],[yest_rect]]-Table223421023[[#This Row],[REF]] -> -0.41002434 | P63: =Table223421023[[#This Row],[dif rec]]^2 -> 0.16811996 | Q63: =ABS(Table223421023[[#This Row],[diff-bias]]) -> 1.5674489 | R63: =CELL("row",Table223421023[[#This Row],[Position]]) -> 63 | S63: =Table223421023[[#This Row],[REF]]-D$13 -> -1.0700007 | T63: =ABS(Table223421023[[#This Row],[lab-med]]) -> 1.0700007 | U63: =Table223421023[[#This Row],[yval]]-F$13 -> -2.8167398 | V63: =ABS(Table223421023[[#This Row],[anl-med]]) -> 2.8167398 | W63: =Table223421023[[#This Row],[lab-med]]*Table223421023[[#This Row],[anl-med]] -> 3.0139134
B64: =VALUE((Table223421023[[#This Row],[Column3]]-62)) -> 2 | C64: S002 | D64: 10.020001 | F64: 13.223969 | G64: =Table223421023[[#This Row],[yval]]-Table223421023[[#This Row],[REF]] -> 3.2039683 | H64: =Table223421023[[#This Row],[X-Y]]-E$20 -> 2.4254713 | I64: =Table223421023[[#This Row],[yval]]-E$20 -> 12.445472 | J64: =Table223421023[[#This Row],[yval]]*E$21+E$22 -> 11.273347 | K64: =Table223421023[[#This Row],[Yest]]-Table223421023[[#This Row],[REF]] -> 1.2533462 | L64: =ABS(Table223421023[[#This Row],[RESyx]]) -> 1.2533462 | M64: =Table223421023[[#This Row],[yval]]*E$25+E$26 -> 11.880505 | N64: =Table223421023[[#This Row],[X-Y]]^2 -> 10.265413 | O64: =Table223421023[[#This Row],[yest_rect]]-Table223421023[[#This Row],[REF]] -> 1.8605041 | P64: =Table223421023[[#This Row],[dif rec]]^2 -> 3.4614754 | Q64: =ABS(Table223421023[[#This Row],[diff-bias]]) -> 2.4254713 | R64: =CELL("row",Table223421023[[#This Row],[Position]]) -> 64 | S64: =Table223421023[[#This Row],[REF]]-D$13 -> -0.98999975 | T64: =ABS(Table223421023[[#This Row],[lab-med]]) -> 0.98999975 | U64: =Table223421023[[#This Row],[yval]]-F$13 -> 1.2561814 | V64: =ABS(Table223421023[[#This Row],[anl-med]]) -> 1.2561814 | W64: =Table223421023[[#This Row],[lab-med]]*Table223421023[[#This Row],[anl-med]] -> -1.2436192
B65: =VALUE((Table223421023[[#This Row],[Column3]]-62)) -> 3 | C65: S003 | D65: 10 | F65: 7.8469075 | G65: =Table223421023[[#This Row],[yval]]-Table223421023[[#This Row],[REF]] -> -2.1530925 | H65: =Table223421023[[#This Row],[X-Y]]-E$20 -> -2.9315894 | I65: =Table223421023[[#This Row],[yval]]-E$20 -> 7.0684106 | J65: =Table223421023[[#This Row],[yval]]*E$21+E$22 -> 10.613891 | K65: =Table223421023[[#This Row],[Yest]]-Table223421023[[#This Row],[REF]] -> 0.61389113 | L65: =ABS(Table223421023[[#This Row],[RESyx]]) -> 0.61389113 | M65: =Table223421023[[#This Row],[yval]]*E$25+E$26 -> 8.7773411 | N65: =Table223421023[[#This Row],[X-Y]]^2 -> 4.6358071 | O65: =Table223421023[[#This Row],[yest_rect]]-Table223421023[[#This Row],[REF]] -> -1.2226589 | P65: =Table223421023[[#This Row],[dif rec]]^2 -> 1.4948948 | Q65: =ABS(Table223421023[[#This Row],[diff-bias]]) -> 2.9315894 | R65: =CELL("row",Table223421023[[#This Row],[Position]]) -> 65 | S65: =Table223421023[[#This Row],[REF]]-D$13 -> -1.0100003 | T65: =ABS(Table223421023[[#This Row],[lab-med]]) -> 1.0100003 | U65: =Table223421023[[#This Row],[yval]]-F$13 -> -4.1208798 | V65: =ABS(Table223421023[[#This Row],[anl-med]]) -> 4.1208798 | W65: =Table223421023[[#This Row],[lab-med]]*Table223421023[[#This Row],[anl-med]] -> 4.1620897
B66: =VALUE((Table223421023[[#This Row],[Column3]]-62)) -> 4 | C66: S004 | D66: 10.5 | F66: 14.062268 | G66: =Table223421023[[#This Row],[yval]]-Table223421023[[#This Row],[REF]] -> 3.5622684 | H66: =Table223421023[[#This Row],[X-Y]]-E$20 -> 2.7837714 | I66: =Table223421023[[#This Row],[yval]]-E$20 -> 13.283771 | J66: =Table223421023[[#This Row],[yval]]*E$21+E$22 -> 11.376158 | K66: =Table223421023[[#This Row],[Yest]]-Table223421023[[#This Row],[REF]] -> 0.87615782 | L66: =ABS(Table223421023[[#This Row],[RESyx]]) -> 0.87615782 | M66: =Table223421023[[#This Row],[yval]]*E$25+E$26 -> 12.364297 | N66: =Table223421023[[#This Row],[X-Y]]^2 -> 12.689756 | O66: =Table223421023[[#This Row],[yest_rect]]-Table223421023[[#This Row],[REF]] -> 1.8642969 | P66: =Table223421023[[#This Row],[dif rec]]^2 -> 3.4756028 | Q66: =ABS(Table223421023[[#This Row],[diff-bias]]) -> 2.7837714 | R66: =CELL("row",Table223421023[[#This Row],[Position]]) -> 66 | S66: =Table223421023[[#This Row],[REF]]-D$13 -> -0.51000025 | T66: =ABS(Table223421023[[#This Row],[lab-med]]) -> 0.51000025 | U66: =Table223421023[[#This Row],[yval]]-F$13 -> 2.094481 | V66: =ABS(Table223421023[[#This Row],[anl-med]]) -> 2.094481 | W66: =Table223421023[[#This Row],[lab-med]]*Table223421023[[#This Row],[anl-med]] -> -1.0681858
B67: =VALUE((Table223421023[[#This Row],[Column3]]-62)) -> 5 | C67: S005 | D67: 10.78 | F67: 7.9940292 | G67: =Table223421023[[#This Row],[yval]]-Table223421023[[#This Row],[REF]] -> -2.7859705 | H67: =Table223421023[[#This Row],[X-Y]]-E$20 -> -3.5644675 | I67: =Table223421023[[#This Row],[yval]]-E$20 -> 7.2155322 | J67: =Table223421023[[#This Row],[yval]]*E$21+E$22 -> 10.631934 | K67: =Table223421023[[#This Row],[Yest]]-Table223421023[[#This Row],[REF]] -> -0.14806522 | L67: =ABS(Table223421023[[#This Row],[RESyx]]) -> 0.14806522 | M67: =Table223421023[[#This Row],[yval]]*E$25+E$26 -> 8.8622467 | N67: =Table223421023[[#This Row],[X-Y]]^2 -> 7.7616318 | O67: =Table223421023[[#This Row],[yest_rect]]-Table223421023[[#This Row],[REF]] -> -1.917753 | P67: =Table223421023[[#This Row],[dif rec]]^2 -> 3.6777766 | Q67: =ABS(Table223421023[[#This Row],[diff-bias]]) -> 3.5644675 | R67: =CELL("row",Table223421023[[#This Row],[Position]]) -> 67 | S67: =Table223421023[[#This Row],[REF]]-D$13 -> -0.23000055 | T67: =ABS(Table223421023[[#This Row],[lab-med]]) -> 0.23000055 | U67: =Table223421023[[#This Row],[yval]]-F$13 -> -3.9737582 | V67: =ABS(Table223421023[[#This Row],[anl-med]]) -> 3.9737582 | W67: =Table223421023[[#This Row],[lab-med]]*Table223421023[[#This Row],[anl-med]] -> 0.91396658
B68: =VALUE((Table223421023[[#This Row],[Column3]]-62)) -> 6 | C68: S006 | D68: 10.45 | F68: 12.621576 | G68: =Table223421023[[#This Row],[yval]]-Table223421023[[#This Row],[REF]] -> 2.1715761 | H68: =Table223421023[[#This Row],[X-Y]]-E$20 -> 1.3930791 | I68: =Table223421023[[#This Row],[yval]]-E$20 -> 11.843079 | J68: =Table223421023[[#This Row],[yval]]*E$21+E$22 -> 11.199468 | K68: =Table223421023[[#This Row],[Yest]]-Table223421023[[#This Row],[REF]] -> 0.74946805 | L68: =ABS(Table223421023[[#This Row],[RESyx]]) -> 0.74946805 | M68: =Table223421023[[#This Row],[yval]]*E$25+E$26 -> 11.532857 | N68: =Table223421023[[#This Row],[X-Y]]^2 -> 4.7157427 | O68: =Table223421023[[#This Row],[yest_rect]]-Table223421023[[#This Row],[REF]] -> 1.082857 | P68: =Table223421023[[#This Row],[dif rec]]^2 -> 1.1725792 | Q68: =ABS(Table223421023[[#This Row],[diff-bias]]) -> 1.3930791 | R68: =CELL("row",Table223421023[[#This Row],[Position]]) -> 68 | S68: =Table223421023[[#This Row],[REF]]-D$13 -> -0.56000045 | T68: =ABS(Table223421023[[#This Row],[lab-med]]) -> 0.56000045 | U68: =Table223421023[[#This Row],[yval]]-F$13 -> 0.65378848 | V68: =ABS(Table223421023[[#This Row],[anl-med]]) -> 0.65378848 | W68: =Table223421023[[#This Row],[lab-med]]*Table223421023[[#This Row],[anl-med]] -> -0.36612185
B69: =VALUE((Table223421023[[#This Row],[Column3]]-62)) -> 7 | C69: S007 | D69: 11.020001 | F69: 9.6121604 | G69: =Table223421023[[#This Row],[yval]]-Table223421023[[#This Row],[REF]] -> -1.4078401 | H69: =Table223421023[[#This Row],[X-Y]]-E$20 -> -2.1863371 | I69: =Table223421023[[#This Row],[yval]]-E$20 -> 8.8336634 | J69: =Table223421023[[#This Row],[yval]]*E$21+E$22 -> 10.830386 | K69: =Table223421023[[#This Row],[Yest]]-Table223421023[[#This Row],[REF]] -> -0.18961454 | L69: =ABS(Table223421023[[#This Row],[RESyx]]) -> 0.18961454 | M69: =Table223421023[[#This Row],[yval]]*E$25+E$26 -> 9.7960887 | N69: =Table223421023[[#This Row],[X-Y]]^2 -> 1.9820137 | O69: =Table223421023[[#This Row],[yest_rect]]-Table223421023[[#This Row],[REF]] -> -1.2239118 | P69: =Table223421023[[#This Row],[dif rec]]^2 -> 1.4979601 | Q69: =ABS(Table223421023[[#This Row],[diff-bias]]) -> 2.1863371 | R69: =CELL("row",Table223421023[[#This Row],[Position]]) -> 69 | S69: =Table223421023[[#This Row],[REF]]-D$13 -> 0.01000025 | T69: =ABS(Table223421023[[#This Row],[lab-med]]) -> 0.01000025 | U69: =Table223421023[[#This Row],[yval]]-F$13 -> -2.355627 | V69: =ABS(Table223421023[[#This Row],[anl-med]]) -> 2.355627 | W69: =Table223421023[[#This Row],[lab-med]]*Table223421023[[#This Row],[anl-med]] -> -0.023556859
B70: =VALUE((Table223421023[[#This Row],[Column3]]-62)) -> 8 | C70: S008 | D70: 10.8 | F70: 10.538184 | G70: =Table223421023[[#This Row],[yval]]-Table223421023[[#This Row],[REF]] -> -0.26181613 | H70: =Table223421023[[#This Row],[X-Y]]-E$20 -> -1.0403131 | I70: =Table223421023[[#This Row],[yval]]-E$20 -> 9.7596871 | J70: =Table223421023[[#This Row],[yval]]*E$21+E$22 -> 10.943956 | K70: =Table223421023[[#This Row],[Yest]]-Table223421023[[#This Row],[REF]] -> 0.14395551 | L70: =ABS(Table223421023[[#This Row],[RESyx]]) -> 0.14395551 | M70: =Table223421023[[#This Row],[yval]]*E$25+E$26 -> 10.330508 | N70: =Table223421023[[#This Row],[X-Y]]^2 -> 0.068547685 | O70: =Table223421023[[#This Row],[yest_rect]]-Table223421023[[#This Row],[REF]] -> -0.46949266 | P70: =Table223421023[[#This Row],[dif rec]]^2 -> 0.22042336 | Q70: =ABS(Table223421023[[#This Row],[diff-bias]]) -> 1.0403131 | R70: =CELL("row",Table223421023[[#This Row],[Position]]) -> 70 | S70: =Table223421023[[#This Row],[REF]]-D$13 -> -0.21000005 | T70: =ABS(Table223421023[[#This Row],[lab-med]]) -> 0.21000005 | U70: =Table223421023[[#This Row],[yval]]-F$13 -> -1.4296033 | V70: =ABS(Table223421023[[#This Row],[anl-med]]) -> 1.4296033 | W70: =Table223421023[[#This Row],[lab-med]]*Table223421023[[#This Row],[anl-med]] -> 0.30021677
B71: =VALUE((Table223421023[[#This Row],[Column3]]-62)) -> 9 | C71: S009 | D71: 10.88 | F71: 11.049394 | G71: =Table223421023[[#This Row],[yval]]-Table223421023[[#This Row],[REF]] -> 0.16939428 | H71: =Table223421023[[#This Row],[X-Y]]-E$20 -> -0.60910271 | I71: =Table223421023[[#This Row],[yval]]-E$20 -> 10.270897 | J71: =Table223421023[[#This Row],[yval]]*E$21+E$22 -> 11.006652 | K71: =Table223421023[[#This Row],[Yest]]-Table223421023[[#This Row],[REF]] -> 0.12665166 | L71: =ABS(Table223421023[[#This Row],[RESyx]]) -> 0.12665166 | M71: =Table223421023[[#This Row],[yval]]*E$25+E$26 -> 10.625533 | N71: =Table223421023[[#This Row],[X-Y]]^2 -> 0.028694421 | O71: =Table223421023[[#This Row],[yest_rect]]-Table223421023[[#This Row],[REF]] -> -0.25446725 | P71: =Table223421023[[#This Row],[dif rec]]^2 -> 0.064753584 | Q71: =ABS(Table223421023[[#This Row],[diff-bias]]) -> 0.60910271 | R71: =CELL("row",Table223421023[[#This Row],[Position]]) -> 71 | S71: =Table223421023[[#This Row],[REF]]-D$13 -> -0.13000015 | T71: =ABS(Table223421023[[#This Row],[lab-med]]) -> 0.13000015 | U71: =Table223421023[[#This Row],[yval]]-F$13 -> -0.91839302 | V71: =ABS(Table223421023[[#This Row],[anl-med]]) -> 0.91839302 | W71: =Table223421023[[#This Row],[lab-med]]*Table223421023[[#This Row],[anl-med]] -> 0.11939123
B72: =VALUE((Table223421023[[#This Row],[Column3]]-62)) -> 10 | C72: S010 | D72: 11.06 | F72: 9.0639644 | G72: =Table223421023[[#This Row],[yval]]-Table223421023[[#This Row],[REF]] -> -1.996036 | H72: =Table223421023[[#This Row],[X-Y]]-E$20 -> -2.774533 | I72: =Table223421023[[#This Row],[yval]]-E$20 -> 8.2854674 | J72: =Table223421023[[#This Row],[yval]]*E$21+E$22 -> 10.763154 | K72: =Table223421023[[#This Row],[Yest]]-Table223421023[[#This Row],[REF]] -> -0.29684651 | L72: =ABS(Table223421023[[#This Row],[RESyx]]) -> 0.29684651 | M72: =Table223421023[[#This Row],[yval]]*E$25+E$26 -> 9.4797185 | N72: =Table223421023[[#This Row],[X-Y]]^2 -> 3.9841597 | O72: =Table223421023[[#This Row],[yest_rect]]-Table223421023[[#This Row],[REF]] -> -1.5802819 | P72: =Table223421023[[#This Row],[dif rec]]^2 -> 2.4972908 | Q72: =ABS(Table223421023[[#This Row],[diff-bias]]) -> 2.774533 | R72: =CELL("row",Table223421023[[#This Row],[Position]]) -> 72 | S72: =Table223421023[[#This Row],[REF]]-D$13 -> 0.05000015 | T72: =ABS(Table223421023[[#This Row],[lab-med]]) -> 0.05000015 | U72: =Table223421023[[#This Row],[yval]]-F$13 -> -2.903823 | V72: =ABS(Table223421023[[#This Row],[anl-med]]) -> 2.903823 | W72: =Table223421023[[#This Row],[lab-med]]*Table223421023[[#This Row],[anl-med]] -> -0.14519159
B73: =VALUE((Table223421023[[#This Row],[Column3]]-62)) -> 11 | C73: S011 | D73: 11.09 | F73: 12.468851 | G73: =Table223421023[[#This Row],[yval]]-Table223421023[[#This Row],[REF]] -> 1.3788505 | H73: =Table223421023[[#This Row],[X-Y]]-E$20 -> 0.60035353 | I73: =Table223421023[[#This Row],[yval]]-E$20 -> 11.690354 | J73: =Table223421023[[#This Row],[yval]]*E$21+E$22 -> 11.180737 | K73: =Table223421023[[#This Row],[Yest]]-Table223421023[[#This Row],[REF]] -> 0.090737069 | L73: =ABS(Table223421023[[#This Row],[RESyx]]) -> 0.090737069 | M73: =Table223421023[[#This Row],[yval]]*E$25+E$26 -> 11.444717 | N73: =Table223421023[[#This Row],[X-Y]]^2 -> 1.9012287 | O73: =Table223421023[[#This Row],[yest_rect]]-Table223421023[[#This Row],[REF]] -> 0.35471711 | P73: =Table223421023[[#This Row],[dif rec]]^2 -> 0.12582423 | Q73: =ABS(Table223421023[[#This Row],[diff-bias]]) -> 0.60035353 | R73: =CELL("row",Table223421023[[#This Row],[Position]]) -> 73 | S73: =Table223421023[[#This Row],[REF]]-D$13 -> 0.07999995 | T73: =ABS(Table223421023[[#This Row],[lab-med]]) -> 0.07999995 | U73: =Table223421023[[#This Row],[yval]]-F$13 -> 0.50106331 | V73: =ABS(Table223421023[[#This Row],[anl-med]]) -> 0.50106331 | W73: =Table223421023[[#This Row],[lab-med]]*Table223421023[[#This Row],[anl-med]] -> 0.04008504
B74: =VALUE((Table223421023[[#This Row],[Column3]]-62)) -> 12 | C74: S012 | D74: 11.62 | F74: 12.134379 | G74: =Table223421023[[#This Row],[yval]]-Table223421023[[#This Row],[REF]] -> 0.5143793 | H74: =Table223421023[[#This Row],[X-Y]]-E$20 -> -0.26411769 | I74: =Table223421023[[#This Row],[yval]]-E$20 -> 11.355882 | J74: =Table223421023[[#This Row],[yval]]*E$21+E$22 -> 11.139717 | K74: =Table223421023[[#This Row],[Yest]]-Table223421023[[#This Row],[REF]] -> -0.48028302 | L74: =ABS(Table223421023[[#This Row],[RESyx]]) -> 0.48028302 | M74: =Table223421023[[#This Row],[yval]]*E$25+E$26 -> 11.25169 | N74: =Table223421023[[#This Row],[X-Y]]^2 -> 0.26458606 | O74: =Table223421023[[#This Row],[yest_rect]]-Table223421023[[#This Row],[REF]] -> -0.36830992 | P74: =Table223421023[[#This Row],[dif rec]]^2 -> 0.1356522 | Q74: =ABS(Table223421023[[#This Row],[diff-bias]]) -> 0.26411769 | R74: =CELL("row",Table223421023[[#This Row],[Position]]) -> 74 | S74: =Table223421023[[#This Row],[REF]]-D$13 -> 0.60999965 | T74: =ABS(Table223421023[[#This Row],[lab-med]]) -> 0.60999965 | U74: =Table223421023[[#This Row],[yval]]-F$13 -> 0.1665918 | V74: =ABS(Table223421023[[#This Row],[anl-med]]) -> 0.1665918 | W74: =Table223421023[[#This Row],[lab-med]]*Table223421023[[#This Row],[anl-med]] -> 0.10162094
... B142: =VALUE((Table223421023[[#This Row],[Column3]]-62)) -> 80 | C142: S080 | D142: 14.43 | F142: 13.942068 | G142: =Table223421023[[#This Row],[yval]]-Table223421023[[#This Row],[REF]] -> -0.48793258 | H142: =Table223421023[[#This Row],[X-Y]]-E$20 -> -1.2664296 | I142: =Table223421023[[#This Row],[yval]]-E$20 -> 13.163571 | J142: =Table223421023[[#This Row],[yval]]*E$21+E$22 -> 11.361416 | K142: =Table223421023[[#This Row],[Yest]]-Table223421023[[#This Row],[REF]] -> -3.0685842 | L142: =ABS(Table223421023[[#This Row],[RESyx]]) -> 3.0685842 | M142: =Table223421023[[#This Row],[yval]]*E$25+E$26 -> 12.294928 | N142: =Table223421023[[#This Row],[X-Y]]^2 -> 0.2380782 | O142: =Table223421023[[#This Row],[yest_rect]]-Table223421023[[#This Row],[REF]] -> -2.1350726 | P142: =Table223421023[[#This Row],[dif rec]]^2 -> 4.5585351 | Q142: =ABS(Table223421023[[#This Row],[diff-bias]]) -> 1.2664296 | R142: =CELL("row",Table223421023[[#This Row],[Position]]) -> 142 | S142: =Table223421023[[#This Row],[REF]]-D$13 -> 3.42 | T142: =ABS(Table223421023[[#This Row],[lab-med]]) -> 3.42 | U142: =Table223421023[[#This Row],[yval]]-F$13 -> 1.9742803 | V142: =ABS(Table223421023[[#This Row],[anl-med]]) -> 1.9742803 | W142: =Table223421023[[#This Row],[lab-med]]*Table223421023[[#This Row],[anl-med]] -> 6.7520388

Sheet Loudiyi 
W1: INSTRUCTIONS
C3: Loudiyi Mohammed
C6: =CONCATENATE(D62," = f (",F62," )") -> REF = f (Y_pred ) | H6: CALIBRATION INFORMATION
D7: =D62 -> REF | F7: =F62 -> Y_pred | H7: N= | I7: 500 | X7: last point=
C8: N= | E8: =COUNT(Table2234210234[REF]) -> 80 | H8: SECV= | I8: 1.2 | X8: =62+E8 -> 142
C9: Average= | D9: =AVERAGE(Table2234210234[REF]) -> 11.1095 | F9: =AVERAGE(Table2234210234[Y_pred]) -> 11.879705 | H9: Number of Terms = | J9: 12
C10: Min= | D10: =MIN(Table2234210234[REF]) -> 8.9700003 | E10: =ROUNDDOWN(MIN(D10,F10),0) -> 8 | F10: =MIN(Table2234210234[Y_pred]) -> 8.0820684 | H10: Alpha= | I10: 0.05 | W10: =E10+E20 -> 8.7702053
C11: Max= | D11: =MAX(Table2234210234[REF]) -> 14.43 | E11: =ROUNDUP(MAX(D11,F11),0)+1 -> 17 | F11: =MAX(Table2234210234[Y_pred]) -> 15.994986 | H11: Tvalue= | I11: =TINV(I10,E8) -> 1.9900634 | W11: =E11+E20 -> 17.770205
C12: SD= | D12: =STDEV(Table2234210234[REF]) -> 1.172905 | F12: =STDEV(Table2234210234[Y_pred]) -> 1.6051378 | H12: Fvalue= | I12: =FINV(I10,E8-1,I7-1-J9) -> 1.3057951
C13: Medians= | D13: =MEDIAN(Table2234210234[REF]) -> 11.01 | F13: =MEDIAN(Table2234210234[Y_pred]) -> 11.777338
C14: SD_medians= | D14: =1.4826*(MEDIAN(Table2234210234[abs(lab)])) -> 1.4677736 | F14: =1.4826*MEDIAN(Table2234210234[abs(anl)]) -> 1.726164
F15: Robust(medians)
C16: RMSEP= | E16: =SQRT(AVERAGE(Table2234210234[dif^2])) -> 1.4587482 | F16: =SQRT(F18^2+E20^2) -> 1.6755537
C17: Median ABS errors= | F17: =MEDIAN(Table2234210234[abs_errors]) -> 1.0036694
C18: SEPC= | E18: =STDEV(Table2234210234[X-Y]) -> 1.2466584 | F18: =1.4826*MEDIAN(Table2234210234[abs_errors]) -> 1.4880403 | H18: F_sep= | I18: =I8*I12 -> 1.5669542 | J18: =IF(E18>I18,"S"," ns ") -> ns | X18: Yrec | Y18: Xrec
C19: RSDyx= | E19: =STEYX(Table2234210234[REF],Table2234210234[Y_pred]) -> 0.9100596 | F19: =1.4826*MEDIAN(Table2234210234[Abs_erroryx]) -> 0.91228183 | W19: y1rect= | X19: =E$26+E$25*E10 -> 8.274525 | Y19: =E10 -> 8
C20: BIAS= | E20: =F9-D9 -> 0.77020527 | F20: =F13-D13 -> 0.76733744 | H20: Tobs_bias= | I20: =ABS(E20/(SQRT(SUM(Table2234210234[dif^2])/(E8*(E8-1))))) -> 4.6928826 | J20: =IF(I20>I11,"S","ns") -> S | W20: y2rect= | X20: =E$26+E$25*E11 -> 14.850997 | Y20: =E11 -> 17
C21: Slope= | E21: =SLOPE(Table2234210234[REF],Table2234210234[Y_pred]) -> 0.46536903 | H21: Tobs_slope= | I21: =ABS(E21-1)*SQRT((E8-1)*F12^2/E19^2) -> 8.3812763 | J21: =IF(I21>I11,"S"," ns ") -> S | W21: ym= | X21: =E$26+E$25*F9 -> 11.1095 | Y21: =F9 -> 11.879705
C22: Intercept= | E22: =INTERCEPT(Table2234210234[REF],Table2234210234[Y_pred]) -> 5.5810531
C23: RSQ= | E23: =RSQ(Table2234210234[REF],Table2234210234[Y_pred]) -> 0.40559628 | F23: =(D12^2-F19^2)/D12^2 -> 0.39503202
C24: RPD= | E24: =1/SQRT(1-E23) -> 1.2970575 | F24: =1/SQRT(1-F23) -> 1.2856827 | H24: RPD2= | I24: =D12/E19 -> 1.2888222
C25: Least rectangle slope= | E25: =(D12/F12) -> 0.73071916 | H25: Quartile75= | I25: =QUARTILE(Table2234210234[abs_errors],3) -> 1.4629787 | W25: cov(x,y)= | X25: =COVAR(Table2234210234[REF],Table2234210234[Y_pred]) -> 1.1840206
C26: Least rectangle intercept= | E26: =D9-E25*F9 -> 2.4287717 | W26: sign(cov) | X26: =SIGN(X25) -> 1
C27: RMSEPrec= | E27: =SQRT(AVERAGE(Table2234210234[dif_rec^2])) -> 0.9933008
W29: min resid= | X29: =MIN(Table2234210234[X-Y]) -> -2.2302699 | Y29: =X29 -> -2.2302699
W30: max resid= | X30: =MAX(Table2234210234[X-Y]) -> 3.5037329 | Y30: =X30 -> 3.5037329
X38: last point=
X39: =X8 -> 142 | Y39: the last point must be changed in serie 1 for X and Y
Y40: click in the graph
Y41: select data
X58: last point=
W59: =W60*E8 -> 53.27751 | X59: =X39 -> 142
T60: =MEDIAN(Table2234210234[abs(lab)]) -> 0.98999975 | V60: =MEDIAN(Table2234210234[abs(anl)]) -> 1.1642817 | W60: =MEDIAN(Table2234210234[Produits Lab x Anl]) -> 0.66596887
D61: Y | F61: X
B62: Position | C62: SN | D62: REF | E62: Column1 | F62: Y_pred | G62: X-Y | H62: diff-bias | I62: Xbiased | J62: Yest | K62: RESyx | L62: Abs_erroryx | M62: yest_rect | N62: dif^2 | O62: dif rec | P62: dif_rec^2 | Q62: abs_errors | R62: Column3 | S62: lab-med | T62: abs(lab) | U62: anl-med | V62: abs(anl) | W62: Produits Lab x Anl | X62: =D62 -> REF | AA62: =F62 -> Y_pred
B63: =VALUE((Table2234210234[[#This Row],[Column3]]-62)) -> 1 | C63: S001 | D63: 9.9399996 | F63: 9.590783 | G63: =Table2234210234[[#This Row],[Y_pred]]-Table2234210234[[#This Row],[REF]] -> -0.34921664 | H63: =Table2234210234[[#This Row],[X-Y]]-E$20 -> -1.1194219 | I63: =Table2234210234[[#This Row],[Y_pred]]-E$20 -> 8.8205777 | J63: =Table2234210234[[#This Row],[Y_pred]]*E$21+E$22 -> 10.044306 | K63: =Table2234210234[[#This Row],[Yest]]-Table2234210234[[#This Row],[REF]] -> 0.10430683 | L63: =ABS(Table2234210234[[#This Row],[RESyx]]) -> 0.10430683 | M63: =Table2234210234[[#This Row],[Y_pred]]*E$25+E$26 -> 9.4369406 | N63: =Table2234210234[[#This Row],[X-Y]]^2 -> 0.12195226 | O63: =Table2234210234[[#This Row],[yest_rect]]-Table2234210234[[#This Row],[REF]] -> -0.503059 | P63: =Table2234210234[[#This Row],[dif rec]]^2 -> 0.25306836 | Q63: =ABS(Table2234210234[[#This Row],[diff-bias]]) -> 1.1194219 | R63: =CELL("row",Table2234210234[[#This Row],[Position]]) -> 63 | S63: =Table2234210234[[#This Row],[REF]]-D$13 -> -1.0700007 | T63: =ABS(Table2234210234[[#This Row],[lab-med]]) -> 1.0700007 | U63: =Table2234210234[[#This Row],[Y_pred]]-F$13 -> -2.1865547 | V63: =ABS(Table2234210234[[#This Row],[anl-med]]) -> 2.1865547 | W63: =Table2234210234[[#This Row],[lab-med]]*Table2234210234[[#This Row],[anl-med]] -> 2.339615
B64: =VALUE((Table2234210234[[#This Row],[Column3]]-62)) -> 2 | C64: S002 | D64: 10.020001 | F64: 12.812301 | G64: =Table2234210234[[#This Row],[Y_pred]]-Table2234210234[[#This Row],[REF]] -> 2.7923003 | H64: =Table2234210234[[#This Row],[X-Y]]-E$20 -> 2.022095 | I64: =Table2234210234[[#This Row],[Y_pred]]-E$20 -> 12.042096 | J64: =Table2234210234[[#This Row],[Y_pred]]*E$21+E$22 -> 11.543501 | K64: =Table2234210234[[#This Row],[Yest]]-Table2234210234[[#This Row],[REF]] -> 1.5235006 | L64: =ABS(Table2234210234[[#This Row],[RESyx]]) -> 1.5235006 | M64: =Table2234210234[[#This Row],[Y_pred]]*E$25+E$26 -> 11.790965 | N64: =Table2234210234[[#This Row],[X-Y]]^2 -> 7.7969408 | O64: =Table2234210234[[#This Row],[yest_rect]]-Table2234210234[[#This Row],[REF]] -> 1.7709649 | P64: =Table2234210234[[#This Row],[dif rec]]^2 -> 3.1363167 | Q64: =ABS(Table2234210234[[#This Row],[diff-bias]]) -> 2.022095 | R64: =CELL("row",Table2234210234[[#This Row],[Position]]) -> 64 | S64: =Table2234210234[[#This Row],[REF]]-D$13 -> -0.98999975 | T64: =ABS(Table2234210234[[#This Row],[lab-med]]) -> 0.98999975 | U64: =Table2234210234[[#This Row],[Y_pred]]-F$13 -> 1.0349631 | V64: =ABS(Table2234210234[[#This Row],[anl-med]]) -> 1.0349631 | W64: =Table2234210234[[#This Row],[lab-med]]*Table2234210234[[#This Row],[anl-med]] -> -1.0246132
B65: =VALUE((Table2234210234[[#This Row],[Column3]]-62)) -> 3 | C65: S003 | D65: 10 | F65: 8.7886583 | G65: =Table2234210234[[#This Row],[Y_pred]]-Table2234210234[[#This Row],[REF]] -> -1.2113417 | H65: =Table2234210234[[#This Row],[X-Y]]-E$20 -> -1.981547 | I65: =Table2234210234[[#This Row],[Y_pred]]-E$20 -> 8.018453 | J65: =Table2234210234[[#This Row],[Y_pred]]*E$21+E$22 -> 9.6710225 | K65: =Table2234210234[[#This Row],[Yest]]-Table2234210234[[#This Row],[REF]] -> -0.32897755 | L65: =ABS(Table2234210234[[#This Row],[RESyx]]) -> 0.32897755 | M65: =Table2234210234[[#This Row],[Y_pred]]*E$25+E$26 -> 8.8508127 | N65: =Table2234210234[[#This Row],[X-Y]]^2 -> 1.4673487 | O65: =Table2234210234[[#This Row],[yest_rect]]-Table2234210234[[#This Row],[REF]] -> -1.1491873 | P65: =Table2234210234[[#This Row],[dif rec]]^2 -> 1.3206314 | Q65: =ABS(Table2234210234[[#This Row],[diff-bias]]) -> 1.981547 | R65: =CELL("row",Table2234210234[[#This Row],[Position]]) -> 65 | S65: =Table2234210234[[#This Row],[REF]]-D$13 -> -1.0100003 | T65: =ABS(Table2234210234[[#This Row],[lab-med]]) -> 1.0100003 | U65: =Table2234210234[[#This Row],[Y_pred]]-F$13 -> -2.9886794 | V65: =ABS(Table2234210234[[#This Row],[anl-med]]) -> 2.9886794 | W65: =Table2234210234[[#This Row],[lab-med]]*Table2234210234[[#This Row],[anl-med]] -> 3.0185669
B66: =VALUE((Table2234210234[[#This Row],[Column3]]-62)) -> 4 | C66: S004 | D66: 10.5 | F66: 14.003733 | G66: =Table2234210234[[#This Row],[Y_pred]]-Table2234210234[[#This Row],[REF]] -> 3.5037329 | H66: =Table2234210234[[#This Row],[X-Y]]-E$20 -> 2.7335276 | I66: =Table2234210234[[#This Row],[Y_pred]]-E$20 -> 13.233528 | J66: =Table2234210234[[#This Row],[Y_pred]]*E$21+E$22 -> 12.097957 | K66: =Table2234210234[[#This Row],[Yest]]-Table2234210234[[#This Row],[REF]] -> 1.5979567 | L66: =ABS(Table2234210234[[#This Row],[RESyx]]) -> 1.5979567 | M66: =Table2234210234[[#This Row],[Y_pred]]*E$25+E$26 -> 12.661568 | N66: =Table2234210234[[#This Row],[X-Y]]^2 -> 12.276144 | O66: =Table2234210234[[#This Row],[yest_rect]]-Table2234210234[[#This Row],[REF]] -> 2.1615677 | P66: =Table2234210234[[#This Row],[dif rec]]^2 -> 4.6723747 | Q66: =ABS(Table2234210234[[#This Row],[diff-bias]]) -> 2.7335276 | R66: =CELL("row",Table2234210234[[#This Row],[Position]]) -> 66 | S66: =Table2234210234[[#This Row],[REF]]-D$13 -> -0.51000025 | T66: =ABS(Table2234210234[[#This Row],[lab-med]]) -> 0.51000025 | U66: =Table2234210234[[#This Row],[Y_pred]]-F$13 -> 2.2263952 | V66: =ABS(Table2234210234[[#This Row],[anl-med]]) -> 2.2263952 | W66: =Table2234210234[[#This Row],[lab-med]]*Table2234210234[[#This Row],[anl-med]] -> -1.1354621
B67: =VALUE((Table2234210234[[#This Row],[Column3]]-62)) -> 5 | C67: S005 | D67: 10.78 | F67: 9.9301256 | G67: =Table2234210234[[#This Row],[Y_pred]]-Table2234210234[[#This Row],[REF]] -> -0.84987407 | H67: =Table2234210234[[#This Row],[X-Y]]-E$20 -> -1.6200793 | I67: =Table2234210234[[#This Row],[Y_pred]]-E$20 -> 9.1599204 | J67: =Table2234210234[[#This Row],[Y_pred]]*E$21+E$22 -> 10.202226 | K67: =Table2234210234[[#This Row],[Yest]]-Table2234210234[[#This Row],[REF]] -> -0.5777737 | L67: =ABS(Table2234210234[[#This Row],[RESyx]]) -> 0.5777737 | M67: =Table2234210234[[#This Row],[Y_pred]]*E$25+E$26 -> 9.6849048 | N67: =Table2234210234[[#This Row],[X-Y]]^2 -> 0.72228594 | O67: =Table2234210234[[#This Row],[yest_rect]]-Table2234210234[[#This Row],[REF]] -> -1.0950949 | P67: =Table2234210234[[#This Row],[dif rec]]^2 -> 1.1992329 | Q67: =ABS(Table2234210234[[#This Row],[diff-bias]]) -> 1.6200793 | R67: =CELL("row",Table2234210234[[#This Row],[Position]]) -> 67 | S67: =Table2234210234[[#This Row],[REF]]-D$13 -> -0.23000055 | T67: =ABS(Table2234210234[[#This Row],[lab-med]]) -> 0.23000055 | U67: =Table2234210234[[#This Row],[Y_pred]]-F$13 -> -1.8472121 | V67: =ABS(Table2234210234[[#This Row],[anl-med]]) -> 1.8472121 | W67: =Table2234210234[[#This Row],[lab-med]]*Table2234210234[[#This Row],[anl-med]] -> 0.42485979
B68: =VALUE((Table2234210234[[#This Row],[Column3]]-62)) -> 6 | C68: S006 | D68: 10.45 | F68: 12.70065 | G68: =Table2234210234[[#This Row],[Y_pred]]-Table2234210234[[#This Row],[REF]] -> 2.2506503 | H68: =Table2234210234[[#This Row],[X-Y]]-E$20 -> 1.480445 | I68: =Table2234210234[[#This Row],[Y_pred]]-E$20 -> 11.930445 | J68: =Table2234210234[[#This Row],[Y_pred]]*E$21+E$22 -> 11.491542 | K68: =Table2234210234[[#This Row],[Yest]]-Table2234210234[[#This Row],[REF]] -> 1.0415425 | L68: =ABS(Table2234210234[[#This Row],[RESyx]]) -> 1.0415425 | M68: =Table2234210234[[#This Row],[Y_pred]]*E$25+E$26 -> 11.70938 | N68: =Table2234210234[[#This Row],[X-Y]]^2 -> 5.0654267 | O68: =Table2234210234[[#This Row],[yest_rect]]-Table2234210234[[#This Row],[REF]] -> 1.2593803 | P68: =Table2234210234[[#This Row],[dif rec]]^2 -> 1.5860387 | Q68: =ABS(Table2234210234[[#This Row],[diff-bias]]) -> 1.480445 | R68: =CELL("row",Table2234210234[[#This Row],[Position]]) -> 68 | S68: =Table2234210234[[#This Row],[REF]]-D$13 -> -0.56000045 | T68: =ABS(Table2234210234[[#This Row],[lab-med]]) -> 0.56000045 | U68: =Table2234210234[[#This Row],[Y_pred]]-F$13 -> 0.92331239 | V68: =ABS(Table2234210234[[#This Row],[anl-med]]) -> 0.92331239 | W68: =Table2234210234[[#This Row],[lab-med]]*Table2234210234[[#This Row],[anl-med]] -> -0.51705535
B69: =VALUE((Table2234210234[[#This Row],[Column3]]-62)) -> 7 | C69: S007 | D69: 11.020001 | F69: 9.9560813 | G69: =Table2234210234[[#This Row],[Y_pred]]-Table2234210234[[#This Row],[REF]] -> -1.0639192 | H69: =Table2234210234[[#This Row],[X-Y]]-E$20 -> -1.8341245 | I69: =Table2234210234[[#This Row],[Y_pred]]-E$20 -> 9.185876 | J69: =Table2234210234[[#This Row],[Y_pred]]*E$21+E$22 -> 10.214305 | K69: =Table2234210234[[#This Row],[Yest]]-Table2234210234[[#This Row],[REF]] -> -0.80569554 | L69: =ABS(Table2234210234[[#This Row],[RESyx]]) -> 0.80569554 | M69: =Table2234210234[[#This Row],[Y_pred]]*E$25+E$26 -> 9.7038711 | N69: =Table2234210234[[#This Row],[X-Y]]^2 -> 1.1319241 | O69: =Table2234210234[[#This Row],[yest_rect]]-Table2234210234[[#This Row],[REF]] -> -1.3161294 | P69: =Table2234210234[[#This Row],[dif rec]]^2 -> 1.7321966 | Q69: =ABS(Table2234210234[[#This Row],[diff-bias]]) -> 1.8341245 | R69: =CELL("row",Table2234210234[[#This Row],[Position]]) -> 69 | S69: =Table2234210234[[#This Row],[REF]]-D$13 -> 0.01000025 | T69: =ABS(Table2234210234[[#This Row],[lab-med]]) -> 0.01000025 | U69: =Table2234210234[[#This Row],[Y_pred]]-F$13 -> -1.8212564 | V69: =ABS(Table2234210234[[#This Row],[anl-med]]) -> 1.8212564 | W69: =Table2234210234[[#This Row],[lab-med]]*Table2234210234[[#This Row],[anl-med]] -> -0.018213019
B70: =VALUE((Table2234210234[[#This Row],[Column3]]-62)) -> 8 | C70: S008 | D70: 10.8 | F70: 11.246368 | G70: =Table2234210234[[#This Row],[Y_pred]]-Table2234210234[[#This Row],[REF]] -> 0.44636735 | H70: =Table2234210234[[#This Row],[X-Y]]-E$20 -> -0.32383792 | I70: =Table2234210234[[#This Row],[Y_pred]]-E$20 -> 10.476162 | J70: =Table2234210234[[#This Row],[Y_pred]]*E$21+E$22 -> 10.814764 | K70: =Table2234210234[[#This Row],[Yest]]-Table2234210234[[#This Row],[REF]] -> 0.014764026 | L70: =ABS(Table2234210234[[#This Row],[RESyx]]) -> 0.014764026 | M70: =Table2234210234[[#This Row],[Y_pred]]*E$25+E$26 -> 10.646708 | N70: =Table2234210234[[#This Row],[X-Y]]^2 -> 0.19924381 | O70: =Table2234210234[[#This Row],[yest_rect]]-Table2234210234[[#This Row],[REF]] -> -0.15329222 | P70: =Table2234210234[[#This Row],[dif rec]]^2 -> 0.023498504 | Q70: =ABS(Table2234210234[[#This Row],[diff-bias]]) -> 0.32383792 | R70: =CELL("row",Table2234210234[[#This Row],[Position]]) -> 70 | S70: =Table2234210234[[#This Row],[REF]]-D$13 -> -0.21000005 | T70: =ABS(Table2234210234[[#This Row],[lab-med]]) -> 0.21000005 | U70: =Table2234210234[[#This Row],[Y_pred]]-F$13 -> -0.53097014 | V70: =ABS(Table2234210234[[#This Row],[anl-med]]) -> 0.53097014 | W70: =Table2234210234[[#This Row],[lab-med]]*Table2234210234[[#This Row],[anl-med]] -> 0.11150376
B71: =VALUE((Table2234210234[[#This Row],[Column3]]-62)) -> 9 | C71: S009 | D71: 10.88 | F71: 11.806968 | G71: =Table2234210234[[#This Row],[Y_pred]]-Table2234210234[[#This Row],[REF]] -> 0.92696761 | H71: =Table2234210234[[#This Row],[X-Y]]-E$20 -> 0.15676234 | I71: =Table2234210234[[#This Row],[Y_pred]]-E$20 -> 11.036762 | J71: =Table2234210234[[#This Row],[Y_pred]]*E$21+E$22 -> 11.07565 | K71: =Table2234210234[[#This Row],[Yest]]-Table2234210234[[#This Row],[REF]] -> 0.19565008 | L71: =ABS(Table2234210234[[#This Row],[RESyx]]) -> 0.19565008 | M71: =Table2234210234[[#This Row],[Y_pred]]*E$25+E$26 -> 11.056349 | N71: =Table2234210234[[#This Row],[X-Y]]^2 -> 0.85926895 | O71: =Table2234210234[[#This Row],[yest_rect]]-Table2234210234[[#This Row],[REF]] -> 0.17634917 | P71: =Table2234210234[[#This Row],[dif rec]]^2 -> 0.031099029 | Q71: =ABS(Table2234210234[[#This Row],[diff-bias]]) -> 0.15676234 | R71: =CELL("row",Table2234210234[[#This Row],[Position]]) -> 71 | S71: =Table2234210234[[#This Row],[REF]]-D$13 -> -0.13000015 | T71: =ABS(Table2234210234[[#This Row],[lab-med]]) -> 0.13000015 | U71: =Table2234210234[[#This Row],[Y_pred]]-F$13 -> 0.029630022 | V71: =ABS(Table2234210234[[#This Row],[anl-med]]) -> 0.029630022 | W71: =Table2234210234[[#This Row],[lab-med]]*Table2234210234[[#This Row],[anl-med]] -> -0.0038519072
B72: =VALUE((Table2234210234[[#This Row],[Column3]]-62)) -> 10 | C72: S010 | D72: 11.06 | F72: 10.5492 | G72: =Table2234210234[[#This Row],[Y_pred]]-Table2234210234[[#This Row],[REF]] -> -0.51080074 | H72: =Table2234210234[[#This Row],[X-Y]]-E$20 -> -1.281006 | I72: =Table2234210234[[#This Row],[Y_pred]]-E$20 -> 9.7789944 | J72: =Table2234210234[[#This Row],[Y_pred]]*E$21+E$22 -> 10.490324 | K72: =Table2234210234[[#This Row],[Yest]]-Table2234210234[[#This Row],[REF]] -> -0.56967652 | L72: =ABS(Table2234210234[[#This Row],[RESyx]]) -> 0.56967652 | M72: =Table2234210234[[#This Row],[Y_pred]]*E$25+E$26 -> 10.137274 | N72: =Table2234210234[[#This Row],[X-Y]]^2 -> 0.2609174 | O72: =Table2234210234[[#This Row],[yest_rect]]-Table2234210234[[#This Row],[REF]] -> -0.92272635 | P72: =Table2234210234[[#This Row],[dif rec]]^2 -> 0.85142393 | Q72: =ABS(Table2234210234[[#This Row],[diff-bias]]) -> 1.281006 | R72: =CELL("row",Table2234210234[[#This Row],[Position]]) -> 72 | S72: =Table2234210234[[#This Row],[REF]]-D$13 -> 0.05000015 | T72: =ABS(Table2234210234[[#This Row],[lab-med]]) -> 0.05000015 | U72: =Table2234210234[[#This Row],[Y_pred]]-F$13 -> -1.228138 | V72: =ABS(Table2234210234[[#This Row],[anl-med]]) -> 1.228138 | W72: =Table2234210234[[#This Row],[lab-med]]*Table2234210234[[#This Row],[anl-med]] -> -0.061407086
B73: =VALUE((Table2234210234[[#This Row],[Column3]]-62)) -> 11 | C73: S011 | D73: 11.09 | F73: 13.178681 | G73: =Table2234210234[[#This Row],[Y_pred]]-Table2234210234[[#This Row],[REF]] -> 2.0886812 | H73: =Table2234210234[[#This Row],[X-Y]]-E$20 -> 1.318476 | I73: =Table2234210234[[#This Row],[Y_pred]]-E$20 -> 12.408476 | J73: =Table2234210234[[#This Row],[Y_pred]]*E$21+E$22 -> 11.714003 | K73: =Table2234210234[[#This Row],[Yest]]-Table2234210234[[#This Row],[REF]] -> 0.62400307 | L73: =ABS(Table2234210234[[#This Row],[RESyx]]) -> 0.62400307 | M73: =Table2234210234[[#This Row],[Y_pred]]*E$25+E$26 -> 12.058687 | N73: =Table2234210234[[#This Row],[X-Y]]^2 -> 4.3625893 | O73: =Table2234210234[[#This Row],[yest_rect]]-Table2234210234[[#This Row],[REF]] -> 0.96868658 | P73: =Table2234210234[[#This Row],[dif rec]]^2 -> 0.93835369 | Q73: =ABS(Table2234210234[[#This Row],[diff-bias]]) -> 1.318476 | R73: =CELL("row",Table2234210234[[#This Row],[Position]]) -> 73 | S73: =Table2234210234[[#This Row],[REF]]-D$13 -> 0.07999995 | T73: =ABS(Table2234210234[[#This Row],[lab-med]]) -> 0.07999995 | U73: =Table2234210234[[#This Row],[Y_pred]]-F$13 -> 1.4013438 | V73: =ABS(Table2234210234[[#This Row],[anl-med]]) -> 1.4013438 | W73: =Table2234210234[[#This Row],[lab-med]]*Table2234210234[[#This Row],[anl-med]] -> 0.11210743
B74: =VALUE((Table2234210234[[#This Row],[Column3]]-62)) -> 12 | C74: S012 | D74: 11.62 | F74: 12.457609 | G74: =Table2234210234[[#This Row],[Y_pred]]-Table2234210234[[#This Row],[REF]] -> 0.83760937 | H74: =Table2234210234[[#This Row],[X-Y]]-E$20 -> 0.067404101 | I74: =Table2234210234[[#This Row],[Y_pred]]-E$20 -> 11.687404 | J74: =Table2234210234[[#This Row],[Y_pred]]*E$21+E$22 -> 11.378439 | K74: =Table2234210234[[#This Row],[Yest]]-Table2234210234[[#This Row],[REF]] -> -0.24156129 | L74: =ABS(Table2234210234[[#This Row],[RESyx]]) -> 0.24156129 | M74: =Table2234210234[[#This Row],[Y_pred]]*E$25+E$26 -> 11.531786 | N74: =Table2234210234[[#This Row],[X-Y]]^2 -> 0.70158946 | O74: =Table2234210234[[#This Row],[yest_rect]]-Table2234210234[[#This Row],[REF]] -> -0.088214377 | P74: =Table2234210234[[#This Row],[dif rec]]^2 -> 0.0077817763 | Q74: =ABS(Table2234210234[[#This Row],[diff-bias]]) -> 0.067404101 | R74: =CELL("row",Table2234210234[[#This Row],[Position]]) -> 74 | S74: =Table2234210234[[#This Row],[REF]]-D$13 -> 0.60999965 | T74: =ABS(Table2234210234[[#This Row],[lab-med]]) -> 0.60999965 | U74: =Table2234210234[[#This Row],[Y_pred]]-F$13 -> 0.68027158 | V74: =ABS(Table2234210234[[#This Row],[anl-med]]) -> 0.68027158 | W74: =Table2234210234[[#This Row],[lab-med]]*Table2234210234[[#This Row],[anl-med]] -> 0.41496543
... B142: =VALUE((Table2234210234[[#This Row],[Column3]]-62)) -> 80 | C142: S080 | D142: 14.43 | F142: 15.994986 | G142: =Table2234210234[[#This Row],[Y_pred]]-Table2234210234[[#This Row],[REF]] -> 1.5649859 | H142: =Table2234210234[[#This Row],[X-Y]]-E$20 -> 0.79478063 | I142: =Table2234210234[[#This Row],[Y_pred]]-E$20 -> 15.224781 | J142: =Table2234210234[[#This Row],[Y_pred]]*E$21+E$22 -> 13.024624 | K142: =Table2234210234[[#This Row],[Yest]]-Table2234210234[[#This Row],[REF]] -> -1.405376 | L142: =ABS(Table2234210234[[#This Row],[RESyx]]) -> 1.405376 | M142: =Table2234210234[[#This Row],[Y_pred]]*E$25+E$26 -> 14.116615 | N142: =Table2234210234[[#This Row],[X-Y]]^2 -> 2.4491809 | O142: =Table2234210234[[#This Row],[yest_rect]]-Table2234210234[[#This Row],[REF]] -> -0.31338567 | P142: =Table2234210234[[#This Row],[dif rec]]^2 -> 0.098210576 | Q142: =ABS(Table2234210234[[#This Row],[diff-bias]]) -> 0.79478063 | R142: =CELL("row",Table2234210234[[#This Row],[Position]]) -> 142 | S142: =Table2234210234[[#This Row],[REF]]-D$13 -> 3.42 | T142: =ABS(Table2234210234[[#This Row],[lab-med]]) -> 3.42 | U142: =Table2234210234[[#This Row],[Y_pred]]-F$13 -> 4.2176485 | V142: =ABS(Table2234210234[[#This Row],[anl-med]]) -> 4.2176485 | W142: =Table2234210234[[#This Row],[lab-med]]*Table2234210234[[#This Row],[anl-med]] -> 14.424358

Sheet Lesnoff
W1: INSTRUCTIONS
C3: Lesnoff
C6: =CONCATENATE(D62," = f (",F62," )") -> REF = f (Lesnoff ) | H6: CALIBRATION INFORMATION
D7: =D62 -> REF | F7: =F62 -> Lesnoff | H7: N= | I7: 500 | X7: last point=
C8: N= | E8: =COUNT(Table22342102345[REF]) -> 80 | H8: SECV= | I8: 1.2 | X8: =62+E8 -> 142
C9: Average= | D9: =AVERAGE(Table22342102345[REF]) -> 11.1095 | F9: =AVERAGE(Table22342102345[Lesnoff]) -> 11.897242 | H9: Number of Terms = | J9: 12
C10: Min= | D10: =MIN(Table22342102345[REF]) -> 8.9700003 | E10: =ROUNDDOWN(MIN(D10,F10),0) -> 8 | F10: =MIN(Table22342102345[Lesnoff]) -> 9.4831672 | H10: Alpha= | I10: 0.05 | W10: =E10+E20 -> 8.787742
C11: Max= | D11: =MAX(Table22342102345[REF]) -> 14.43 | E11: =ROUNDUP(MAX(D11,F11),0)+1 -> 17 | F11: =MAX(Table22342102345[Lesnoff]) -> 15.822369 | H11: Tvalue= | I11: =TINV(I10,E8) -> 1.9900634 | W11: =E11+E20 -> 17.787742
C12: SD= | D12: =STDEV(Table22342102345[REF]) -> 1.172905 | F12: =STDEV(Table22342102345[Lesnoff]) -> 1.1398778 | H12: Fvalue= | I12: =FINV(I10,E8-1,I7-1-J9) -> 1.3057951
C13: Medians= | D13: =MEDIAN(Table22342102345[REF]) -> 11.01 | F13: =MEDIAN(Table22342102345[Lesnoff]) -> 11.800173
C14: SD_medians= | D14: =1.4826*(MEDIAN(Table22342102345[abs(lab)])) -> 1.4677736 | F14: =1.4826*MEDIAN(Table22342102345[abs(anl)]) -> 1.1583035
F15: Robust(medians)
C16: RMSEP= | E16: =SQRT(AVERAGE(Table22342102345[dif^2])) -> 1.0449743 | F16: =SQRT(F18^2+E20^2) -> 0.96051275
C17: Median ABS errors= | F17: =MEDIAN(Table22342102345[abs_errors]) -> 0.37069226
C18: SEPC= | E18: =STDEV(Table22342102345[X-Y]) -> 0.69094235 | F18: =1.4826*MEDIAN(Table22342102345[abs_errors]) -> 0.54958834 | H18: F_sep= | I18: =I8*I12 -> 1.5669542 | J18: =IF(E18>I18,"S"," ns ") -> ns | X18: Yrec | Y18: Xrec
C19: RSDyx= | E19: =STEYX(Table22342102345[REF],Table22342102345[Lesnoff]) -> 0.67244567 | F19: =1.4826*MEDIAN(Table22342102345[Abs_erroryx]) -> 0.48584972 | W19: y1rect= | X19: =E$26+E$25*E10 -> 7.0993382 | Y19: =E10 -> 8
C20: BIAS= | E20: =F9-D9 -> 0.78774196 | F20: =F13-D13 -> 0.7901732 | H20: Tobs_bias= | I20: =ABS(E20/(SQRT(SUM(Table22342102345[dif^2])/(E8*(E8-1))))) -> 6.7002642 | J20: =IF(I20>I11,"S","ns") -> S | W20: y2rect= | X20: =E$26+E$25*E11 -> 16.360107 | Y20: =E11 -> 17
C21: Slope= | E21: =SLOPE(Table22342102345[REF],Table22342102345[Lesnoff]) -> 0.84568227 | H21: Tobs_slope= | I21: =ABS(E21-1)*SQRT((E8-1)*F12^2/E19^2) -> 2.3250403 | J21: =IF(I21>I11,"S"," ns ") -> S | W21: ym= | X21: =E$26+E$25*F9 -> 11.1095 | Y21: =F9 -> 11.897242
C22: Intercept= | E22: =INTERCEPT(Table22342102345[REF],Table22342102345[Lesnoff]) -> 1.0482135
C23: RSQ= | E23: =RSQ(Table22342102345[REF],Table22342102345[Lesnoff]) -> 0.67546896 | F23: =(D12^2-F19^2)/D12^2 -> 0.82841542
C24: RPD= | E24: =1/SQRT(1-E23) -> 1.755383 | F24: =1/SQRT(1-F23) -> 2.4141312 | H24: RPD2= | I24: =D12/E19 -> 1.7442375
C25: Least rectangle slope= | E25: =(D12/F12) -> 1.0289743 | H25: Quartile75= | I25: =QUARTILE(Table22342102345[abs_errors],3) -> 0.77082167 | W25: cov(x,y)= | X25: =COVAR(Table22342102345[REF],Table22342102345[Lesnoff]) -> 1.0850779
C26: Least rectangle intercept= | E26: =D9-E25*F9 -> -1.1324562 | W26: sign(cov) | X26: =SIGN(X25) -> 1
C27: RMSEPrec= | E27: =SQRT(AVERAGE(Table22342102345[dif_rec^2])) -> 0.69569024
W29: min resid= | X29: =MIN(Table22342102345[X-Y]) -> -1.6852089 | Y29: =X29 -> -1.6852089
W30: max resid= | X30: =MAX(Table22342102345[X-Y]) -> 2.1042986 | Y30: =X30 -> 2.1042986
X38: last point=
X39: =X8 -> 142 | Y39: the last point must be changed in serie 1 for X and Y
Y40: click in the graph
Y41: select data
X58: last point=
W59: =W60*E8 -> 53.086124 | X59: =X39 -> 142
T60: =MEDIAN(Table22342102345[abs(lab)]) -> 0.98999975 | V60: =MEDIAN(Table22342102345[abs(anl)]) -> 0.78126498 | W60: =MEDIAN(Table22342102345[Produits Lab x Anl]) -> 0.66357655
D61: Y | F61: X
B62: Position | C62: SN | D62: REF | E62: Column1 | F62: Lesnoff | G62: X-Y | H62: diff-bias | I62: Xbiased | J62: Yest | K62: RESyx | L62: Abs_erroryx | M62: yest_rect | N62: dif^2 | O62: dif rec | P62: dif_rec^2 | Q62: abs_errors | R62: Column3 | S62: lab-med | T62: abs(lab) | U62: anl-med | V62: abs(anl) | W62: Produits Lab x Anl | X62: =D62 -> REF | AA62: =F62 -> Lesnoff
B63: =VALUE((Table22342102345[[#This Row],[Column3]]-62)) -> 1 | C63: S001 | D63: 9.9399996 | F63: 10.766817 | G63: =Table22342102345[[#This Row],[Lesnoff]]-Table22342102345[[#This Row],[REF]] -> 0.82681692 | H63: =Table22342102345[[#This Row],[X-Y]]-E$20 -> 0.039074967 | I63: =Table22342102345[[#This Row],[Lesnoff]]-E$20 -> 9.9790746 | J63: =Table22342102345[[#This Row],[Lesnoff]]*E$21+E$22 -> 10.153519 | K63: =Table22342102345[[#This Row],[Yest]]-Table22342102345[[#This Row],[REF]] -> 0.21351966 | L63: =ABS(Table22342102345[[#This Row],[RESyx]]) -> 0.21351966 | M63: =Table22342102345[[#This Row],[Lesnoff]]*E$25+E$26 -> 9.9463213 | N63: =Table22342102345[[#This Row],[X-Y]]^2 -> 0.68362623 | O63: =Table22342102345[[#This Row],[yest_rect]]-Table22342102345[[#This Row],[REF]] -> 0.0063216858 | P63: =Table22342102345[[#This Row],[dif rec]]^2 -> 3.9963711e-05 | Q63: =ABS(Table22342102345[[#This Row],[diff-bias]]) -> 0.039074967 | R63: =CELL("row",Table22342102345[[#This Row],[Position]]) -> 63 | S63: =Table22342102345[[#This Row],[REF]]-D$13 -> -1.0700007 | T63: =ABS(Table22342102345[[#This Row],[lab-med]]) -> 1.0700007 | U63: =Table22342102345[[#This Row],[Lesnoff]]-F$13 -> -1.0333569 | V63: =ABS(Table22342102345[[#This Row],[anl-med]]) -> 1.0333569 | W63: =Table22342102345[[#This Row],[lab-med]]*Table22342102345[[#This Row],[anl-med]] -> 1.1056926
B64: =VALUE((Table22342102345[[#This Row],[Column3]]-62)) -> 2 | C64: S002 | D64: 10.020001 | F64: 11.76008 | G64: =Table22342102345[[#This Row],[Lesnoff]]-Table22342102345[[#This Row],[REF]] -> 1.7400793 | H64: =Table22342102345[[#This Row],[X-Y]]-E$20 -> 0.95233733 | I64: =Table22342102345[[#This Row],[Lesnoff]]-E$20 -> 10.972338 | J64: =Table22342102345[[#This Row],[Lesnoff]]*E$21+E$22 -> 10.993504 | K64: =Table22342102345[[#This Row],[Yest]]-Table22342102345[[#This Row],[REF]] -> 0.97350388 | L64: =ABS(Table22342102345[[#This Row],[RESyx]]) -> 0.97350388 | M64: =Table22342102345[[#This Row],[Lesnoff]]*E$25+E$26 -> 10.968364 | N64: =Table22342102345[[#This Row],[X-Y]]^2 -> 3.0278759 | O64: =Table22342102345[[#This Row],[yest_rect]]-Table22342102345[[#This Row],[REF]] -> 0.94836315 | P64: =Table22342102345[[#This Row],[dif rec]]^2 -> 0.89939266 | Q64: =ABS(Table22342102345[[#This Row],[diff-bias]]) -> 0.95233733 | R64: =CELL("row",Table22342102345[[#This Row],[Position]]) -> 64 | S64: =Table22342102345[[#This Row],[REF]]-D$13 -> -0.98999975 | T64: =ABS(Table22342102345[[#This Row],[lab-med]]) -> 0.98999975 | U64: =Table22342102345[[#This Row],[Lesnoff]]-F$13 -> -0.040093669 | V64: =ABS(Table22342102345[[#This Row],[anl-med]]) -> 0.040093669 | W64: =Table22342102345[[#This Row],[lab-med]]*Table22342102345[[#This Row],[anl-med]] -> 0.039692722
B65: =VALUE((Table22342102345[[#This Row],[Column3]]-62)) -> 3 | C65: S003 | D65: 10 | F65: 10.747413 | G65: =Table22342102345[[#This Row],[Lesnoff]]-Table22342102345[[#This Row],[REF]] -> 0.74741279 | H65: =Table22342102345[[#This Row],[X-Y]]-E$20 -> -0.04032917 | I65: =Table22342102345[[#This Row],[Lesnoff]]-E$20 -> 9.9596708 | J65: =Table22342102345[[#This Row],[Lesnoff]]*E$21+E$22 -> 10.13711 | K65: =Table22342102345[[#This Row],[Yest]]-Table22342102345[[#This Row],[REF]] -> 0.13710986 | L65: =ABS(Table22342102345[[#This Row],[RESyx]]) -> 0.13710986 | M65: =Table22342102345[[#This Row],[Lesnoff]]*E$25+E$26 -> 9.9263553 | N65: =Table22342102345[[#This Row],[X-Y]]^2 -> 0.55862587 | O65: =Table22342102345[[#This Row],[yest_rect]]-Table22342102345[[#This Row],[REF]] -> -0.073644661 | P65: =Table22342102345[[#This Row],[dif rec]]^2 -> 0.0054235361 | Q65: =ABS(Table22342102345[[#This Row],[diff-bias]]) -> 0.04032917 | R65: =CELL("row",Table22342102345[[#This Row],[Position]]) -> 65 | S65: =Table22342102345[[#This Row],[REF]]-D$13 -> -1.0100003 | T65: =ABS(Table22342102345[[#This Row],[lab-med]]) -> 1.0100003 | U65: =Table22342102345[[#This Row],[Lesnoff]]-F$13 -> -1.0527607 | V65: =ABS(Table22342102345[[#This Row],[anl-med]]) -> 1.0527607 | W65: =Table22342102345[[#This Row],[lab-med]]*Table22342102345[[#This Row],[anl-med]] -> 1.0632885
B66: =VALUE((Table22342102345[[#This Row],[Column3]]-62)) -> 4 | C66: S004 | D66: 10.5 | F66: 12.206395 | G66: =Table22342102345[[#This Row],[Lesnoff]]-Table22342102345[[#This Row],[REF]] -> 1.7063949 | H66: =Table22342102345[[#This Row],[X-Y]]-E$20 -> 0.91865296 | I66: =Table22342102345[[#This Row],[Lesnoff]]-E$20 -> 11.418653 | J66: =Table22342102345[[#This Row],[Lesnoff]]*E$21+E$22 -> 11.370945 | K66: =Table22342102345[[#This Row],[Yest]]-Table22342102345[[#This Row],[REF]] -> 0.87094517 | L66: =ABS(Table22342102345[[#This Row],[RESyx]]) -> 0.87094517 | M66: =Table22342102345[[#This Row],[Lesnoff]]*E$25+E$26 -> 11.42761 | N66: =Table22342102345[[#This Row],[X-Y]]^2 -> 2.9117836 | O66: =Table22342102345[[#This Row],[yest_rect]]-Table22342102345[[#This Row],[REF]] -> 0.92761045 | P66: =Table22342102345[[#This Row],[dif rec]]^2 -> 0.86046114 | Q66: =ABS(Table22342102345[[#This Row],[diff-bias]]) -> 0.91865296 | R66: =CELL("row",Table22342102345[[#This Row],[Position]]) -> 66 | S66: =Table22342102345[[#This Row],[REF]]-D$13 -> -0.51000025 | T66: =ABS(Table22342102345[[#This Row],[lab-med]]) -> 0.51000025 | U66: =Table22342102345[[#This Row],[Lesnoff]]-F$13 -> 0.40622146 | V66: =ABS(Table22342102345[[#This Row],[anl-med]]) -> 0.40622146 | W66: =Table22342102345[[#This Row],[lab-med]]*Table22342102345[[#This Row],[anl-med]] -> -0.20717305
B67: =VALUE((Table22342102345[[#This Row],[Column3]]-62)) -> 5 | C67: S005 | D67: 10.78 | F67: 10.727669 | G67: =Table22342102345[[#This Row],[Lesnoff]]-Table22342102345[[#This Row],[REF]] -> -0.052330382 | H67: =Table22342102345[[#This Row],[X-Y]]-E$20 -> -0.84007234 | I67: =Table22342102345[[#This Row],[Lesnoff]]-E$20 -> 9.9399274 | J67: =Table22342102345[[#This Row],[Lesnoff]]*E$21+E$22 -> 10.120413 | K67: =Table22342102345[[#This Row],[Yest]]-Table22342102345[[#This Row],[REF]] -> -0.65958654 | L67: =ABS(Table22342102345[[#This Row],[RESyx]]) -> 0.65958654 | M67: =Table22342102345[[#This Row],[Lesnoff]]*E$25+E$26 -> 9.9060398 | N67: =Table22342102345[[#This Row],[X-Y]]^2 -> 0.0027384689 | O67: =Table22342102345[[#This Row],[yest_rect]]-Table22342102345[[#This Row],[REF]] -> -0.87395988 | P67: =Table22342102345[[#This Row],[dif rec]]^2 -> 0.76380588 | Q67: =ABS(Table22342102345[[#This Row],[diff-bias]]) -> 0.84007234 | R67: =CELL("row",Table22342102345[[#This Row],[Position]]) -> 67 | S67: =Table22342102345[[#This Row],[REF]]-D$13 -> -0.23000055 | T67: =ABS(Table22342102345[[#This Row],[lab-med]]) -> 0.23000055 | U67: =Table22342102345[[#This Row],[Lesnoff]]-F$13 -> -1.0725041 | V67: =ABS(Table22342102345[[#This Row],[anl-med]]) -> 1.0725041 | W67: =Table22342102345[[#This Row],[lab-med]]*Table22342102345[[#This Row],[anl-med]] -> 0.24667654
B68: =VALUE((Table22342102345[[#This Row],[Column3]]-62)) -> 6 | C68: S006 | D68: 10.45 | F68: 11.074562 | G68: =Table22342102345[[#This Row],[Lesnoff]]-Table22342102345[[#This Row],[REF]] -> 0.6245623 | H68: =Table22342102345[[#This Row],[X-Y]]-E$20 -> -0.16317966 | I68: =Table22342102345[[#This Row],[Lesnoff]]-E$20 -> 10.28682 | J68: =Table22342102345[[#This Row],[Lesnoff]]*E$21+E$22 -> 10.413774 | K68: =Table22342102345[[#This Row],[Yest]]-Table22342102345[[#This Row],[REF]] -> -0.036225569 | L68: =ABS(Table22342102345[[#This Row],[RESyx]]) -> 0.036225569 | M68: =Table22342102345[[#This Row],[Lesnoff]]*E$25+E$26 -> 10.262984 | N68: =Table22342102345[[#This Row],[X-Y]]^2 -> 0.39007807 | O68: =Table22342102345[[#This Row],[yest_rect]]-Table22342102345[[#This Row],[REF]] -> -0.18701623 | P68: =Table22342102345[[#This Row],[dif rec]]^2 -> 0.034975069 | Q68: =ABS(Table22342102345[[#This Row],[diff-bias]]) -> 0.16317966 | R68: =CELL("row",Table22342102345[[#This Row],[Position]]) -> 68 | S68: =Table22342102345[[#This Row],[REF]]-D$13 -> -0.56000045 | T68: =ABS(Table22342102345[[#This Row],[lab-med]]) -> 0.56000045 | U68: =Table22342102345[[#This Row],[Lesnoff]]-F$13 -> -0.72561135 | V68: =ABS(Table22342102345[[#This Row],[anl-med]]) -> 0.72561135 | W68: =Table22342102345[[#This Row],[lab-med]]*Table22342102345[[#This Row],[anl-med]] -> 0.40634268
B69: =VALUE((Table22342102345[[#This Row],[Column3]]-62)) -> 7 | C69: S007 | D69: 11.020001 | F69: 10.196432 | G69: =Table22342102345[[#This Row],[Lesnoff]]-Table22342102345[[#This Row],[REF]] -> -0.82356861 | H69: =Table22342102345[[#This Row],[X-Y]]-E$20 -> -1.6113106 | I69: =Table22342102345[[#This Row],[Lesnoff]]-E$20 -> 9.4086899 | J69: =Table22342102345[[#This Row],[Lesnoff]]*E$21+E$22 -> 9.6711551 | K69: =Table22342102345[[#This Row],[Yest]]-Table22342102345[[#This Row],[REF]] -> -1.3488454 | L69: =ABS(Table22342102345[[#This Row],[RESyx]]) -> 1.3488454 | M69: =Table22342102345[[#This Row],[Lesnoff]]*E$25+E$26 -> 9.3594102 | N69: =Table22342102345[[#This Row],[X-Y]]^2 -> 0.67826526 | O69: =Table22342102345[[#This Row],[yest_rect]]-Table22342102345[[#This Row],[REF]] -> -1.6605903 | P69: =Table22342102345[[#This Row],[dif rec]]^2 -> 2.7575603 | Q69: =ABS(Table22342102345[[#This Row],[diff-bias]]) -> 1.6113106 | R69: =CELL("row",Table22342102345[[#This Row],[Position]]) -> 69 | S69: =Table22342102345[[#This Row],[REF]]-D$13 -> 0.01000025 | T69: =ABS(Table22342102345[[#This Row],[lab-med]]) -> 0.01000025 | U69: =Table22342102345[[#This Row],[Lesnoff]]-F$13 -> -1.6037416 | V69: =ABS(Table22342102345[[#This Row],[anl-med]]) -> 1.6037416 | W69: =Table22342102345[[#This Row],[lab-med]]*Table22342102345[[#This Row],[anl-med]] -> -0.016037817
B70: =VALUE((Table22342102345[[#This Row],[Column3]]-62)) -> 8 | C70: S008 | D70: 10.8 | F70: 11.15052 | G70: =Table22342102345[[#This Row],[Lesnoff]]-Table22342102345[[#This Row],[REF]] -> 0.35051937 | H70: =Table22342102345[[#This Row],[X-Y]]-E$20 -> -0.43722259 | I70: =Table22342102345[[#This Row],[Lesnoff]]-E$20 -> 10.362778 | J70: =Table22342102345[[#This Row],[Lesnoff]]*E$21+E$22 -> 10.47801 | K70: =Table22342102345[[#This Row],[Yest]]-Table22342102345[[#This Row],[REF]] -> -0.32199008 | L70: =ABS(Table22342102345[[#This Row],[RESyx]]) -> 0.32199008 | M70: =Table22342102345[[#This Row],[Lesnoff]]*E$25+E$26 -> 10.341142 | N70: =Table22342102345[[#This Row],[X-Y]]^2 -> 0.12286383 | O70: =Table22342102345[[#This Row],[yest_rect]]-Table22342102345[[#This Row],[REF]] -> -0.45885834 | P70: =Table22342102345[[#This Row],[dif rec]]^2 -> 0.21055098 | Q70: =ABS(Table22342102345[[#This Row],[diff-bias]]) -> 0.43722259 | R70: =CELL("row",Table22342102345[[#This Row],[Position]]) -> 70 | S70: =Table22342102345[[#This Row],[REF]]-D$13 -> -0.21000005 | T70: =ABS(Table22342102345[[#This Row],[lab-med]]) -> 0.21000005 | U70: =Table22342102345[[#This Row],[Lesnoff]]-F$13 -> -0.64965388 | V70: =ABS(Table22342102345[[#This Row],[anl-med]]) -> 0.64965388 | W70: =Table22342102345[[#This Row],[lab-med]]*Table22342102345[[#This Row],[anl-med]] -> 0.13642735
B71: =VALUE((Table22342102345[[#This Row],[Column3]]-62)) -> 9 | C71: S009 | D71: 10.88 | F71: 11.840267 | G71: =Table22342102345[[#This Row],[Lesnoff]]-Table22342102345[[#This Row],[REF]] -> 0.96026702 | H71: =Table22342102345[[#This Row],[X-Y]]-E$20 -> 0.17252506 | I71: =Table22342102345[[#This Row],[Lesnoff]]-E$20 -> 11.052525 | J71: =Table22342102345[[#This Row],[Lesnoff]]*E$21+E$22 -> 11.061317 | K71: =Table22342102345[[#This Row],[Yest]]-Table22342102345[[#This Row],[REF]] -> 0.18131729 | L71: =ABS(Table22342102345[[#This Row],[RESyx]]) -> 0.18131729 | M71: =Table22342102345[[#This Row],[Lesnoff]]*E$25+E$26 -> 11.050874 | N71: =Table22342102345[[#This Row],[X-Y]]^2 -> 0.92211275 | O71: =Table22342102345[[#This Row],[yest_rect]]-Table22342102345[[#This Row],[REF]] -> 0.17087426 | P71: =Table22342102345[[#This Row],[dif rec]]^2 -> 0.029198012 | Q71: =ABS(Table22342102345[[#This Row],[diff-bias]]) -> 0.17252506 | R71: =CELL("row",Table22342102345[[#This Row],[Position]]) -> 71 | S71: =Table22342102345[[#This Row],[REF]]-D$13 -> -0.13000015 | T71: =ABS(Table22342102345[[#This Row],[lab-med]]) -> 0.13000015 | U71: =Table22342102345[[#This Row],[Lesnoff]]-F$13 -> 0.040093669 | V71: =ABS(Table22342102345[[#This Row],[anl-med]]) -> 0.040093669 | W71: =Table22342102345[[#This Row],[lab-med]]*Table22342102345[[#This Row],[anl-med]] -> -0.005212183
B72: =VALUE((Table22342102345[[#This Row],[Column3]]-62)) -> 10 | C72: S010 | D72: 11.06 | F72: 11.684415 | G72: =Table22342102345[[#This Row],[Lesnoff]]-Table22342102345[[#This Row],[REF]] -> 0.62441474 | H72: =Table22342102345[[#This Row],[X-Y]]-E$20 -> -0.16332721 | I72: =Table22342102345[[#This Row],[Lesnoff]]-E$20 -> 10.896673 | J72: =Table22342102345[[#This Row],[Lesnoff]]*E$21+E$22 -> 10.929516 | K72: =Table22342102345[[#This Row],[Yest]]-Table22342102345[[#This Row],[REF]] -> -0.13048427 | L72: =ABS(Table22342102345[[#This Row],[RESyx]]) -> 0.13048427 | M72: =Table22342102345[[#This Row],[Lesnoff]]*E$25+E$26 -> 10.890507 | N72: =Table22342102345[[#This Row],[X-Y]]^2 -> 0.38989377 | O72: =Table22342102345[[#This Row],[yest_rect]]-Table22342102345[[#This Row],[REF]] -> -0.16949372 | P72: =Table22342102345[[#This Row],[dif rec]]^2 -> 0.028728121 | Q72: =ABS(Table22342102345[[#This Row],[diff-bias]]) -> 0.16332721 | R72: =CELL("row",Table22342102345[[#This Row],[Position]]) -> 72 | S72: =Table22342102345[[#This Row],[REF]]-D$13 -> 0.05000015 | T72: =ABS(Table22342102345[[#This Row],[lab-med]]) -> 0.05000015 | U72: =Table22342102345[[#This Row],[Lesnoff]]-F$13 -> -0.11575831 | V72: =ABS(Table22342102345[[#This Row],[anl-med]]) -> 0.11575831 | W72: =Table22342102345[[#This Row],[lab-med]]*Table22342102345[[#This Row],[anl-med]] -> -0.0057879328
B73: =VALUE((Table22342102345[[#This Row],[Column3]]-62)) -> 11 | C73: S011 | D73: 11.09 | F73: 12.179104 | G73: =Table22342102345[[#This Row],[Lesnoff]]-Table22342102345[[#This Row],[REF]] -> 1.0891035 | H73: =Table22342102345[[#This Row],[X-Y]]-E$20 -> 0.30136152 | I73: =Table22342102345[[#This Row],[Lesnoff]]-E$20 -> 11.391362 | J73: =Table22342102345[[#This Row],[Lesnoff]]*E$21+E$22 -> 11.347865 | K73: =Table22342102345[[#This Row],[Yest]]-Table22342102345[[#This Row],[REF]] -> 0.25786525 | L73: =ABS(Table22342102345[[#This Row],[RESyx]]) -> 0.25786525 | M73: =Table22342102345[[#This Row],[Lesnoff]]*E$25+E$26 -> 11.399528 | N73: =Table22342102345[[#This Row],[X-Y]]^2 -> 1.1861464 | O73: =Table22342102345[[#This Row],[yest_rect]]-Table22342102345[[#This Row],[REF]] -> 0.30952826 | P73: =Table22342102345[[#This Row],[dif rec]]^2 -> 0.095807744 | Q73: =ABS(Table22342102345[[#This Row],[diff-bias]]) -> 0.30136152 | R73: =CELL("row",Table22342102345[[#This Row],[Position]]) -> 73 | S73: =Table22342102345[[#This Row],[REF]]-D$13 -> 0.07999995 | T73: =ABS(Table22342102345[[#This Row],[lab-med]]) -> 0.07999995 | U73: =Table22342102345[[#This Row],[Lesnoff]]-F$13 -> 0.37893022 | V73: =ABS(Table22342102345[[#This Row],[anl-med]]) -> 0.37893022 | W73: =Table22342102345[[#This Row],[lab-med]]*Table22342102345[[#This Row],[anl-med]] -> 0.030314399
B74: =VALUE((Table22342102345[[#This Row],[Column3]]-62)) -> 12 | C74: S012 | D74: 11.62 | F74: 12.601456 | G74: =Table22342102345[[#This Row],[Lesnoff]]-Table22342102345[[#This Row],[REF]] -> 0.9814556 | H74: =Table22342102345[[#This Row],[X-Y]]-E$20 -> 0.19371364 | I74: =Table22342102345[[#This Row],[Lesnoff]]-E$20 -> 11.813714 | J74: =Table22342102345[[#This Row],[Lesnoff]]*E$21+E$22 -> 11.705041 | K74: =Table22342102345[[#This Row],[Yest]]-Table22342102345[[#This Row],[REF]] -> 0.085041002 | L74: =ABS(Table22342102345[[#This Row],[RESyx]]) -> 0.085041002 | M74: =Table22342102345[[#This Row],[Lesnoff]]*E$25+E$26 -> 11.834118 | N74: =Table22342102345[[#This Row],[X-Y]]^2 -> 0.9632551 | O74: =Table22342102345[[#This Row],[yest_rect]]-Table22342102345[[#This Row],[REF]] -> 0.21411774 | P74: =Table22342102345[[#This Row],[dif rec]]^2 -> 0.045846405 | Q74: =ABS(Table22342102345[[#This Row],[diff-bias]]) -> 0.19371364 | R74: =CELL("row",Table22342102345[[#This Row],[Position]]) -> 74 | S74: =Table22342102345[[#This Row],[REF]]-D$13 -> 0.60999965 | T74: =ABS(Table22342102345[[#This Row],[lab-med]]) -> 0.60999965 | U74: =Table22342102345[[#This Row],[Lesnoff]]-F$13 -> 0.80128205 | V74: =ABS(Table22342102345[[#This Row],[anl-med]]) -> 0.80128205 | W74: =Table22342102345[[#This Row],[lab-med]]*Table22342102345[[#This Row],[anl-med]] -> 0.48878177
... B142: =VALUE((Table22342102345[[#This Row],[Column3]]-62)) -> 80 | C142: S080 | D142: 14.43 | F142: 15.822369 | G142: =Table22342102345[[#This Row],[Lesnoff]]-Table22342102345[[#This Row],[REF]] -> 1.3923683 | H142: =Table22342102345[[#This Row],[X-Y]]-E$20 -> 0.60462634 | I142: =Table22342102345[[#This Row],[Lesnoff]]-E$20 -> 15.034627 | J142: =Table22342102345[[#This Row],[Lesnoff]]*E$21+E$22 -> 14.42891 | K142: =Table22342102345[[#This Row],[Yest]]-Table22342102345[[#This Row],[REF]] -> -0.0010903129 | L142: =ABS(Table22342102345[[#This Row],[RESyx]]) -> 0.0010903129 | M142: =Table22342102345[[#This Row],[Lesnoff]]*E$25+E$26 -> 15.148354 | N142: =Table22342102345[[#This Row],[X-Y]]^2 -> 1.9386895 | O142: =Table22342102345[[#This Row],[yest_rect]]-Table22342102345[[#This Row],[REF]] -> 0.71835413 | P142: =Table22342102345[[#This Row],[dif rec]]^2 -> 0.51603265 | Q142: =ABS(Table22342102345[[#This Row],[diff-bias]]) -> 0.60462634 | R142: =CELL("row",Table22342102345[[#This Row],[Position]]) -> 142 | S142: =Table22342102345[[#This Row],[REF]]-D$13 -> 3.42 | T142: =ABS(Table22342102345[[#This Row],[lab-med]]) -> 3.42 | U142: =Table22342102345[[#This Row],[Lesnoff]]-F$13 -> 4.0221951 | V142: =ABS(Table22342102345[[#This Row],[anl-med]]) -> 4.0221951 | W142: =Table22342102345[[#This Row],[lab-med]]*Table22342102345[[#This Row],[anl-med]] -> 13.755908

Sheet Roger
W1: INSTRUCTIONS
C3: Roger
C6: =CONCATENATE(D62," = f (",F62," )") -> REF = f (Roger ) | H6: CALIBRATION INFORMATION
D7: =D62 -> REF | F7: =F62 -> Roger | H7: N= | I7: 500 | X7: last point=
C8: N= | E8: =COUNT(Table223421023456[REF]) -> 80 | H8: SECV= | I8: 1.2 | X8: =62+E8 -> 142
C9: Average= | D9: =AVERAGE(Table223421023456[REF]) -> 11.1095 | F9: =AVERAGE(Table223421023456[Roger]) -> 11.661915 | H9: Number of Terms = | J9: 12
C10: Min= | D10: =MIN(Table223421023456[REF]) -> 8.9700003 | E10: =ROUNDDOWN(MIN(D10,F10),0) -> 6 | F10: =MIN(Table223421023456[Roger]) -> 6.8713 | H10: Alpha= | I10: 0.05 | W10: =E10+E20 -> 6.552415
C11: Max= | D11: =MAX(Table223421023456[REF]) -> 14.43 | E11: =ROUNDUP(MAX(D11,F11),0)+1 -> 18 | F11: =MAX(Table223421023456[Roger]) -> 16.427 | H11: Tvalue= | I11: =TINV(I10,E8) -> 1.9900634 | W11: =E11+E20 -> 18.552415
C12: SD= | D12: =STDEV(Table223421023456[REF]) -> 1.172905 | F12: =STDEV(Table223421023456[Roger]) -> 1.6914399 | H12: Fvalue= | I12: =FINV(I10,E8-1,I7-1-J9) -> 1.3057951
C13: Medians= | D13: =MEDIAN(Table223421023456[REF]) -> 11.01 | F13: =MEDIAN(Table223421023456[Roger]) -> 11.7815
C14: SD_medians= | D14: =1.4826*(MEDIAN(Table223421023456[abs(lab)])) -> 1.4677736 | F14: =1.4826*MEDIAN(Table223421023456[abs(anl)]) -> 1.7287116
F15: Robust(medians)
C16: RMSEP= | E16: =SQRT(AVERAGE(Table223421023456[dif^2])) -> 1.3544858 | F16: =SQRT(F18^2+E20^2) -> 1.6310157
C17: Median ABS errors= | F17: =MEDIAN(Table223421023456[abs_errors]) -> 1.0350851
C18: SEPC= | E18: =STDEV(Table223421023456[X-Y]) -> 1.2445199 | F18: =1.4826*MEDIAN(Table223421023456[abs_errors]) -> 1.5346172 | H18: F_sep= | I18: =I8*I12 -> 1.5669542 | J18: =IF(E18>I18,"S"," ns ") -> ns | X18: Yrec | Y18: Xrec
C19: RSDyx= | E19: =STEYX(Table223421023456[REF],Table223421023456[Roger]) -> 0.86830318 | F19: =1.4826*MEDIAN(Table223421023456[Abs_erroryx]) -> 0.90886953 | W19: y1rect= | X19: =E$26+E$25*E10 -> 7.1833253 | Y19: =E10 -> 6
C20: BIAS= | E20: =F9-D9 -> 0.55241502 | F20: =F13-D13 -> 0.77149975 | H20: Tobs_bias= | I20: =ABS(E20/(SQRT(SUM(Table223421023456[dif^2])/(E8*(E8-1))))) -> 3.6249712 | J20: =IF(I20>I11,"S","ns") -> S | W20: y2rect= | X20: =E$26+E$25*E11 -> 15.504555 | Y20: =E11 -> 18
C21: Slope= | E21: =SLOPE(Table223421023456[REF],Table223421023456[Roger]) -> 0.46974386 | H21: Tobs_slope= | I21: =ABS(E21-1)*SQRT((E8-1)*F12^2/E19^2) -> 9.1808823 | J21: =IF(I21>I11,"S"," ns ") -> S | W21: ym= | X21: =E$26+E$25*F9 -> 11.1095 | Y21: =F9 -> 11.661915
C22: Intercept= | E22: =INTERCEPT(Table223421023456[REF],Table223421023456[Roger]) -> 5.631387
C23: RSQ= | E23: =RSQ(Table223421023456[REF],Table223421023456[Roger]) -> 0.45889115 | F23: =(D12^2-F19^2)/D12^2 -> 0.3995492
C24: RPD= | E24: =1/SQRT(1-E23) -> 1.3594326 | F24: =1/SQRT(1-F23) -> 1.2905097 | H24: RPD2= | I24: =D12/E19 -> 1.3508012
C25: Least rectangle slope= | E25: =(D12/F12) -> 0.69343582 | H25: Quartile75= | I25: =QUARTILE(Table223421023456[abs_errors],3) -> 1.4340425 | W25: cov(x,y)= | X25: =COVAR(Table223421023456[REF],Table223421023456[Roger]) -> 1.3271235
C26: Least rectangle intercept= | E26: =D9-E25*F9 -> 3.0227104 | W26: sign(cov) | X26: =SIGN(X25) -> 1
C27: RMSEPrec= | E27: =SQRT(AVERAGE(Table223421023456[dif_rec^2])) -> 0.93619956
W29: min resid= | X29: =MIN(Table223421023456[X-Y]) -> -2.2086999 | Y29: =X29 -> -2.2086999
W30: max resid= | X30: =MAX(Table223421023456[X-Y]) -> 3.094 | Y30: =X30 -> 3.094
X38: last point=
X39: =X8 -> 142 | Y39: the last point must be changed in serie 1 for X and Y
Y40: click in the graph
Y41: select data
X58: last point=
W59: =W60*E8 -> 53.735862 | X59: =X39 -> 142
T60: =MEDIAN(Table223421023456[abs(lab)]) -> 0.98999975 | V60: =MEDIAN(Table223421023456[abs(anl)]) -> 1.166 | W60: =MEDIAN(Table223421023456[Produits Lab x Anl]) -> 0.67169828
D61: Y | F61: X
B62: Position | C62: SN | D62: REF | E62: Column1 | F62: Roger | G62: X-Y | H62: diff-bias | I62: Xbiased | J62: Yest | K62: RESyx | L62: Abs_erroryx | M62: yest_rect | N62: dif^2 | O62: dif rec | P62: dif_rec^2 | Q62: abs_errors | R62: Column3 | S62: lab-med | T62: abs(lab) | U62: anl-med | V62: abs(anl) | W62: Produits Lab x Anl | X62: =D62 -> REF | AA62: =F62 -> Roger
B63: =VALUE((Table223421023456[[#This Row],[Column3]]-62)) -> 1 | C63: S001 | D63: 9.9399996 | F63: 8.972 | G63: =Table223421023456[[#This Row],[Roger]]-Table223421023456[[#This Row],[REF]] -> -0.9679996 | H63: =Table223421023456[[#This Row],[X-Y]]-E$20 -> -1.5204146 | I63: =Table223421023456[[#This Row],[Roger]]-E$20 -> 8.419585 | J63: =Table223421023456[[#This Row],[Roger]]*E$21+E$22 -> 9.8459289 | K63: =Table223421023456[[#This Row],[Yest]]-Table223421023456[[#This Row],[REF]] -> -0.094070676 | L63: =ABS(Table223421023456[[#This Row],[RESyx]]) -> 0.094070676 | M63: =Table223421023456[[#This Row],[Roger]]*E$25+E$26 -> 9.2442166 | N63: =Table223421023456[[#This Row],[X-Y]]^2 -> 0.93702323 | O63: =Table223421023456[[#This Row],[yest_rect]]-Table223421023456[[#This Row],[REF]] -> -0.69578303 | P63: =Table223421023456[[#This Row],[dif rec]]^2 -> 0.48411402 | Q63: =ABS(Table223421023456[[#This Row],[diff-bias]]) -> 1.5204146 | R63: =CELL("row",Table223421023456[[#This Row],[Position]]) -> 63 | S63: =Table223421023456[[#This Row],[REF]]-D$13 -> -1.0700007 | T63: =ABS(Table223421023456[[#This Row],[lab-med]]) -> 1.0700007 | U63: =Table223421023456[[#This Row],[Roger]]-F$13 -> -2.8095 | V63: =ABS(Table223421023456[[#This Row],[anl-med]]) -> 2.8095 | W63: =Table223421023456[[#This Row],[lab-med]]*Table223421023456[[#This Row],[anl-med]] -> 3.0061668
B64: =VALUE((Table223421023456[[#This Row],[Column3]]-62)) -> 2 | C64: S002 | D64: 10.020001 | F64: 12.618 | G64: =Table223421023456[[#This Row],[Roger]]-Table223421023456[[#This Row],[REF]] -> 2.5979995 | H64: =Table223421023456[[#This Row],[X-Y]]-E$20 -> 2.0455845 | I64: =Table223421023456[[#This Row],[Roger]]-E$20 -> 12.065585 | J64: =Table223421023456[[#This Row],[Roger]]*E$21+E$22 -> 11.558615 | K64: =Table223421023456[[#This Row],[Yest]]-Table223421023456[[#This Row],[REF]] -> 1.5386145 | L64: =ABS(Table223421023456[[#This Row],[RESyx]]) -> 1.5386145 | M64: =Table223421023456[[#This Row],[Roger]]*E$25+E$26 -> 11.772484 | N64: =Table223421023456[[#This Row],[X-Y]]^2 -> 6.7496014 | O64: =Table223421023456[[#This Row],[yest_rect]]-Table223421023456[[#This Row],[REF]] -> 1.7524831 | P64: =Table223421023456[[#This Row],[dif rec]]^2 -> 3.0711969 | Q64: =ABS(Table223421023456[[#This Row],[diff-bias]]) -> 2.0455845 | R64: =CELL("row",Table223421023456[[#This Row],[Position]]) -> 64 | S64: =Table223421023456[[#This Row],[REF]]-D$13 -> -0.98999975 | T64: =ABS(Table223421023456[[#This Row],[lab-med]]) -> 0.98999975 | U64: =Table223421023456[[#This Row],[Roger]]-F$13 -> 0.8365 | V64: =ABS(Table223421023456[[#This Row],[anl-med]]) -> 0.8365 | W64: =Table223421023456[[#This Row],[lab-med]]*Table223421023456[[#This Row],[anl-med]] -> -0.82813479
B65: =VALUE((Table223421023456[[#This Row],[Column3]]-62)) -> 3 | C65: S003 | D65: 10 | F65: 9.6913 | G65: =Table223421023456[[#This Row],[Roger]]-Table223421023456[[#This Row],[REF]] -> -0.3087 | H65: =Table223421023456[[#This Row],[X-Y]]-E$20 -> -0.86111502 | I65: =Table223421023456[[#This Row],[Roger]]-E$20 -> 9.138885 | J65: =Table223421023456[[#This Row],[Roger]]*E$21+E$22 -> 10.183816 | K65: =Table223421023456[[#This Row],[Yest]]-Table223421023456[[#This Row],[REF]] -> 0.18381568 | L65: =ABS(Table223421023456[[#This Row],[RESyx]]) -> 0.18381568 | M65: =Table223421023456[[#This Row],[Roger]]*E$25+E$26 -> 9.743005 | N65: =Table223421023456[[#This Row],[X-Y]]^2 -> 0.09529569 | O65: =Table223421023456[[#This Row],[yest_rect]]-Table223421023456[[#This Row],[REF]] -> -0.25699504 | P65: =Table223421023456[[#This Row],[dif rec]]^2 -> 0.066046453 | Q65: =ABS(Table223421023456[[#This Row],[diff-bias]]) -> 0.86111502 | R65: =CELL("row",Table223421023456[[#This Row],[Position]]) -> 65 | S65: =Table223421023456[[#This Row],[REF]]-D$13 -> -1.0100003 | T65: =ABS(Table223421023456[[#This Row],[lab-med]]) -> 1.0100003 | U65: =Table223421023456[[#This Row],[Roger]]-F$13 -> -2.0902 | V65: =ABS(Table223421023456[[#This Row],[anl-med]]) -> 2.0902 | W65: =Table223421023456[[#This Row],[lab-med]]*Table223421023456[[#This Row],[anl-med]] -> 2.1111025
B66: =VALUE((Table223421023456[[#This Row],[Column3]]-62)) -> 4 | C66: S004 | D66: 10.5 | F66: 13.594 | G66: =Table223421023456[[#This Row],[Roger]]-Table223421023456[[#This Row],[REF]] -> 3.094 | H66: =Table223421023456[[#This Row],[X-Y]]-E$20 -> 2.541585 | I66: =Table223421023456[[#This Row],[Roger]]-E$20 -> 13.041585 | J66: =Table223421023456[[#This Row],[Roger]]*E$21+E$22 -> 12.017085 | K66: =Table223421023456[[#This Row],[Yest]]-Table223421023456[[#This Row],[REF]] -> 1.517085 | L66: =ABS(Table223421023456[[#This Row],[RESyx]]) -> 1.517085 | M66: =Table223421023456[[#This Row],[Roger]]*E$25+E$26 -> 12.449277 | N66: =Table223421023456[[#This Row],[X-Y]]^2 -> 9.572836 | O66: =Table223421023456[[#This Row],[yest_rect]]-Table223421023456[[#This Row],[REF]] -> 1.9492769 | P66: =Table223421023456[[#This Row],[dif rec]]^2 -> 3.7996805 | Q66: =ABS(Table223421023456[[#This Row],[diff-bias]]) -> 2.541585 | R66: =CELL("row",Table223421023456[[#This Row],[Position]]) -> 66 | S66: =Table223421023456[[#This Row],[REF]]-D$13 -> -0.51000025 | T66: =ABS(Table223421023456[[#This Row],[lab-med]]) -> 0.51000025 | U66: =Table223421023456[[#This Row],[Roger]]-F$13 -> 1.8125 | V66: =ABS(Table223421023456[[#This Row],[anl-med]]) -> 1.8125 | W66: =Table223421023456[[#This Row],[lab-med]]*Table223421023456[[#This Row],[anl-med]] -> -0.92437545
B67: =VALUE((Table223421023456[[#This Row],[Column3]]-62)) -> 5 | C67: S005 | D67: 10.78 | F67: 8.852 | G67: =Table223421023456[[#This Row],[Roger]]-Table223421023456[[#This Row],[REF]] -> -1.9279997 | H67: =Table223421023456[[#This Row],[X-Y]]-E$20 -> -2.4804147 | I67: =Table223421023456[[#This Row],[Roger]]-E$20 -> 8.299585 | J67: =Table223421023456[[#This Row],[Roger]]*E$21+E$22 -> 9.7895597 | K67: =Table223421023456[[#This Row],[Yest]]-Table223421023456[[#This Row],[REF]] -> -0.99044004 | L67: =ABS(Table223421023456[[#This Row],[RESyx]]) -> 0.99044004 | M67: =Table223421023456[[#This Row],[Roger]]*E$25+E$26 -> 9.1610043 | N67: =Table223421023456[[#This Row],[X-Y]]^2 -> 3.7171828 | O67: =Table223421023456[[#This Row],[yest_rect]]-Table223421023456[[#This Row],[REF]] -> -1.6189954 | P67: =Table223421023456[[#This Row],[dif rec]]^2 -> 2.6211462 | Q67: =ABS(Table223421023456[[#This Row],[diff-bias]]) -> 2.4804147 | R67: =CELL("row",Table223421023456[[#This Row],[Position]]) -> 67 | S67: =Table223421023456[[#This Row],[REF]]-D$13 -> -0.23000055 | T67: =ABS(Table223421023456[[#This Row],[lab-med]]) -> 0.23000055 | U67: =Table223421023456[[#This Row],[Roger]]-F$13 -> -2.9295 | V67: =ABS(Table223421023456[[#This Row],[anl-med]]) -> 2.9295 | W67: =Table223421023456[[#This Row],[lab-med]]*Table223421023456[[#This Row],[anl-med]] -> 0.67378661
B68: =VALUE((Table223421023456[[#This Row],[Column3]]-62)) -> 6 | C68: S006 | D68: 10.45 | F68: 11.365 | G68: =Table223421023456[[#This Row],[Roger]]-Table223421023456[[#This Row],[REF]] -> 0.9150002 | H68: =Table223421023456[[#This Row],[X-Y]]-E$20 -> 0.36258518 | I68: =Table223421023456[[#This Row],[Roger]]-E$20 -> 10.812585 | J68: =Table223421023456[[#This Row],[Roger]]*E$21+E$22 -> 10.970026 | K68: =Table223421023456[[#This Row],[Yest]]-Table223421023456[[#This Row],[REF]] -> 0.52002618 | L68: =ABS(Table223421023456[[#This Row],[RESyx]]) -> 0.52002618 | M68: =Table223421023456[[#This Row],[Roger]]*E$25+E$26 -> 10.903608 | N68: =Table223421023456[[#This Row],[X-Y]]^2 -> 0.83722537 | O68: =Table223421023456[[#This Row],[yest_rect]]-Table223421023456[[#This Row],[REF]] -> 0.45360868 | P68: =Table223421023456[[#This Row],[dif rec]]^2 -> 0.20576084 | Q68: =ABS(Table223421023456[[#This Row],[diff-bias]]) -> 0.36258518 | R68: =CELL("row",Table223421023456[[#This Row],[Position]]) -> 68 | S68: =Table223421023456[[#This Row],[REF]]-D$13 -> -0.56000045 | T68: =ABS(Table223421023456[[#This Row],[lab-med]]) -> 0.56000045 | U68: =Table223421023456[[#This Row],[Roger]]-F$13 -> -0.4165 | V68: =ABS(Table223421023456[[#This Row],[anl-med]]) -> 0.4165 | W68: =Table223421023456[[#This Row],[lab-med]]*Table223421023456[[#This Row],[anl-med]] -> 0.23324019
B69: =VALUE((Table223421023456[[#This Row],[Column3]]-62)) -> 7 | C69: S007 | D69: 11.020001 | F69: 10.137 | G69: =Table223421023456[[#This Row],[Roger]]-Table223421023456[[#This Row],[REF]] -> -0.8830005 | H69: =Table223421023456[[#This Row],[X-Y]]-E$20 -> -1.4354155 | I69: =Table223421023456[[#This Row],[Roger]]-E$20 -> 9.584585 | J69: =Table223421023456[[#This Row],[Roger]]*E$21+E$22 -> 10.393181 | K69: =Table223421023456[[#This Row],[Yest]]-Table223421023456[[#This Row],[REF]] -> -0.62681998 | L69: =ABS(Table223421023456[[#This Row],[RESyx]]) -> 0.62681998 | M69: =Table223421023456[[#This Row],[Roger]]*E$25+E$26 -> 10.052069 | N69: =Table223421023456[[#This Row],[X-Y]]^2 -> 0.77968988 | O69: =Table223421023456[[#This Row],[yest_rect]]-Table223421023456[[#This Row],[REF]] -> -0.9679312 | P69: =Table223421023456[[#This Row],[dif rec]]^2 -> 0.93689081 | Q69: =ABS(Table223421023456[[#This Row],[diff-bias]]) -> 1.4354155 | R69: =CELL("row",Table223421023456[[#This Row],[Position]]) -> 69 | S69: =Table223421023456[[#This Row],[REF]]-D$13 -> 0.01000025 | T69: =ABS(Table223421023456[[#This Row],[lab-med]]) -> 0.01000025 | U69: =Table223421023456[[#This Row],[Roger]]-F$13 -> -1.6445 | V69: =ABS(Table223421023456[[#This Row],[anl-med]]) -> 1.6445 | W69: =Table223421023456[[#This Row],[lab-med]]*Table223421023456[[#This Row],[anl-med]] -> -0.016445411
B70: =VALUE((Table223421023456[[#This Row],[Column3]]-62)) -> 8 | C70: S008 | D70: 10.8 | F70: 11.683 | G70: =Table223421023456[[#This Row],[Roger]]-Table223421023456[[#This Row],[REF]] -> 0.8829998 | H70: =Table223421023456[[#This Row],[X-Y]]-E$20 -> 0.33058478 | I70: =Table223421023456[[#This Row],[Roger]]-E$20 -> 11.130585 | J70: =Table223421023456[[#This Row],[Roger]]*E$21+E$22 -> 11.119405 | K70: =Table223421023456[[#This Row],[Yest]]-Table223421023456[[#This Row],[REF]] -> 0.31940433 | L70: =ABS(Table223421023456[[#This Row],[RESyx]]) -> 0.31940433 | M70: =Table223421023456[[#This Row],[Roger]]*E$25+E$26 -> 11.124121 | N70: =Table223421023456[[#This Row],[X-Y]]^2 -> 0.77968865 | O70: =Table223421023456[[#This Row],[yest_rect]]-Table223421023456[[#This Row],[REF]] -> 0.32412087 | P70: =Table223421023456[[#This Row],[dif rec]]^2 -> 0.10505434 | Q70: =ABS(Table223421023456[[#This Row],[diff-bias]]) -> 0.33058478 | R70: =CELL("row",Table223421023456[[#This Row],[Position]]) -> 70 | S70: =Table223421023456[[#This Row],[REF]]-D$13 -> -0.21000005 | T70: =ABS(Table223421023456[[#This Row],[lab-med]]) -> 0.21000005 | U70: =Table223421023456[[#This Row],[Roger]]-F$13 -> -0.0985 | V70: =ABS(Table223421023456[[#This Row],[anl-med]]) -> 0.0985 | W70: =Table223421023456[[#This Row],[lab-med]]*Table223421023456[[#This Row],[anl-med]] -> 0.020685005
B71: =VALUE((Table223421023456[[#This Row],[Column3]]-62)) -> 9 | C71: S009 | D71: 10.88 | F71: 12.449 | G71: =Table223421023456[[#This Row],[Roger]]-Table223421023456[[#This Row],[REF]] -> 1.5689999 | H71: =Table223421023456[[#This Row],[X-Y]]-E$20 -> 1.0165849 | I71: =Table223421023456[[#This Row],[Roger]]-E$20 -> 11.896585 | J71: =Table223421023456[[#This Row],[Roger]]*E$21+E$22 -> 11.479228 | K71: =Table223421023456[[#This Row],[Yest]]-Table223421023456[[#This Row],[REF]] -> 0.59922823 | L71: =ABS(Table223421023456[[#This Row],[RESyx]]) -> 0.59922823 | M71: =Table223421023456[[#This Row],[Roger]]*E$25+E$26 -> 11.655293 | N71: =Table223421023456[[#This Row],[X-Y]]^2 -> 2.4617607 | O71: =Table223421023456[[#This Row],[yest_rect]]-Table223421023456[[#This Row],[REF]] -> 0.77529281 | P71: =Table223421023456[[#This Row],[dif rec]]^2 -> 0.60107894 | Q71: =ABS(Table223421023456[[#This Row],[diff-bias]]) -> 1.0165849 | R71: =CELL("row",Table223421023456[[#This Row],[Position]]) -> 71 | S71: =Table223421023456[[#This Row],[REF]]-D$13 -> -0.13000015 | T71: =ABS(Table223421023456[[#This Row],[lab-med]]) -> 0.13000015 | U71: =Table223421023456[[#This Row],[Roger]]-F$13 -> 0.6675 | V71: =ABS(Table223421023456[[#This Row],[anl-med]]) -> 0.6675 | W71: =Table223421023456[[#This Row],[lab-med]]*Table223421023456[[#This Row],[anl-med]] -> -0.0867751
B72: =VALUE((Table223421023456[[#This Row],[Column3]]-62)) -> 10 | C72: S010 | D72: 11.06 | F72: 9.9461 | G72: =Table223421023456[[#This Row],[Roger]]-Table223421023456[[#This Row],[REF]] -> -1.1139004 | H72: =Table223421023456[[#This Row],[X-Y]]-E$20 -> -1.6663154 | I72: =Table223421023456[[#This Row],[Roger]]-E$20 -> 9.393685 | J72: =Table223421023456[[#This Row],[Roger]]*E$21+E$22 -> 10.303506 | K72: =Table223421023456[[#This Row],[Yest]]-Table223421023456[[#This Row],[REF]] -> -0.75649398 | L72: =ABS(Table223421023456[[#This Row],[RESyx]]) -> 0.75649398 | M72: =Table223421023456[[#This Row],[Roger]]*E$25+E$26 -> 9.9196924 | N72: =Table223421023456[[#This Row],[X-Y]]^2 -> 1.2407741 | O72: =Table223421023456[[#This Row],[yest_rect]]-Table223421023456[[#This Row],[REF]] -> -1.140308 | P72: =Table223421023456[[#This Row],[dif rec]]^2 -> 1.3003023 | Q72: =ABS(Table223421023456[[#This Row],[diff-bias]]) -> 1.6663154 | R72: =CELL("row",Table223421023456[[#This Row],[Position]]) -> 72 | S72: =Table223421023456[[#This Row],[REF]]-D$13 -> 0.05000015 | T72: =ABS(Table223421023456[[#This Row],[lab-med]]) -> 0.05000015 | U72: =Table223421023456[[#This Row],[Roger]]-F$13 -> -1.8354 | V72: =ABS(Table223421023456[[#This Row],[anl-med]]) -> 1.8354 | W72: =Table223421023456[[#This Row],[lab-med]]*Table223421023456[[#This Row],[anl-med]] -> -0.091770275
B73: =VALUE((Table223421023456[[#This Row],[Column3]]-62)) -> 11 | C73: S011 | D73: 11.09 | F73: 12.995 | G73: =Table223421023456[[#This Row],[Roger]]-Table223421023456[[#This Row],[REF]] -> 1.9049998 | H73: =Table223421023456[[#This Row],[X-Y]]-E$20 -> 1.3525848 | I73: =Table223421023456[[#This Row],[Roger]]-E$20 -> 12.442585 | J73: =Table223421023456[[#This Row],[Roger]]*E$21+E$22 -> 11.735708 | K73: =Table223421023456[[#This Row],[Yest]]-Table223421023456[[#This Row],[REF]] -> 0.64570827 | L73: =ABS(Table223421023456[[#This Row],[RESyx]]) -> 0.64570827 | M73: =Table223421023456[[#This Row],[Roger]]*E$25+E$26 -> 12.033909 | N73: =Table223421023456[[#This Row],[X-Y]]^2 -> 3.6290242 | O73: =Table223421023456[[#This Row],[yest_rect]]-Table223421023456[[#This Row],[REF]] -> 0.94390867 | P73: =Table223421023456[[#This Row],[dif rec]]^2 -> 0.89096357 | Q73: =ABS(Table223421023456[[#This Row],[diff-bias]]) -> 1.3525848 | R73: =CELL("row",Table223421023456[[#This Row],[Position]]) -> 73 | S73: =Table223421023456[[#This Row],[REF]]-D$13 -> 0.07999995 | T73: =ABS(Table223421023456[[#This Row],[lab-med]]) -> 0.07999995 | U73: =Table223421023456[[#This Row],[Roger]]-F$13 -> 1.2135 | V73: =ABS(Table223421023456[[#This Row],[anl-med]]) -> 1.2135 | W73: =Table223421023456[[#This Row],[lab-med]]*Table223421023456[[#This Row],[anl-med]] -> 0.097079939
B74: =VALUE((Table223421023456[[#This Row],[Column3]]-62)) -> 12 | C74: S012 | D74: 11.62 | F74: 12.915 | G74: =Table223421023456[[#This Row],[Roger]]-Table223421023456[[#This Row],[REF]] -> 1.2950001 | H74: =Table223421023456[[#This Row],[X-Y]]-E$20 -> 0.74258508 | I74: =Table223421023456[[#This Row],[Roger]]-E$20 -> 12.362585 | J74: =Table223421023456[[#This Row],[Roger]]*E$21+E$22 -> 11.698129 | K74: =Table223421023456[[#This Row],[Yest]]-Table223421023456[[#This Row],[REF]] -> 0.078129065 | L74: =ABS(Table223421023456[[#This Row],[RESyx]]) -> 0.078129065 | M74: =Table223421023456[[#This Row],[Roger]]*E$25+E$26 -> 11.978434 | N74: =Table223421023456[[#This Row],[X-Y]]^2 -> 1.6770253 | O74: =Table223421023456[[#This Row],[yest_rect]]-Table223421023456[[#This Row],[REF]] -> 0.3584341 | P74: =Table223421023456[[#This Row],[dif rec]]^2 -> 0.12847501 | Q74: =ABS(Table223421023456[[#This Row],[diff-bias]]) -> 0.74258508 | R74: =CELL("row",Table223421023456[[#This Row],[Position]]) -> 74 | S74: =Table223421023456[[#This Row],[REF]]-D$13 -> 0.60999965 | T74: =ABS(Table223421023456[[#This Row],[lab-med]]) -> 0.60999965 | U74: =Table223421023456[[#This Row],[Roger]]-F$13 -> 1.1335 | V74: =ABS(Table223421023456[[#This Row],[anl-med]]) -> 1.1335 | W74: =Table223421023456[[#This Row],[lab-med]]*Table223421023456[[#This Row],[anl-med]] -> 0.6914346
... B142: =VALUE((Table223421023456[[#This Row],[Column3]]-62)) -> 80 | C142: S080 | D142: 14.43 | F142: 16.427 | G142: =Table223421023456[[#This Row],[Roger]]-Table223421023456[[#This Row],[REF]] -> 1.9969997 | H142: =Table223421023456[[#This Row],[X-Y]]-E$20 -> 1.4445847 | I142: =Table223421023456[[#This Row],[Roger]]-E$20 -> 15.874585 | J142: =Table223421023456[[#This Row],[Roger]]*E$21+E$22 -> 13.347869 | K142: =Table223421023456[[#This Row],[Yest]]-Table223421023456[[#This Row],[REF]] -> -1.0821309 | L142: =ABS(Table223421023456[[#This Row],[RESyx]]) -> 1.0821309 | M142: =Table223421023456[[#This Row],[Roger]]*E$25+E$26 -> 14.413781 | N142: =Table223421023456[[#This Row],[X-Y]]^2 -> 3.9880078 | O142: =Table223421023456[[#This Row],[yest_rect]]-Table223421023456[[#This Row],[REF]] -> -0.016219705 | P142: =Table223421023456[[#This Row],[dif rec]]^2 -> 0.00026307883 | Q142: =ABS(Table223421023456[[#This Row],[diff-bias]]) -> 1.4445847 | R142: =CELL("row",Table223421023456[[#This Row],[Position]]) -> 142 | S142: =Table223421023456[[#This Row],[REF]]-D$13 -> 3.42 | T142: =ABS(Table223421023456[[#This Row],[lab-med]]) -> 3.42 | U142: =Table223421023456[[#This Row],[Roger]]-F$13 -> 4.6455 | V142: =ABS(Table223421023456[[#This Row],[anl-med]]) -> 4.6455 | W142: =Table223421023456[[#This Row],[lab-med]]*Table223421023456[[#This Row],[anl-med]] -> 15.88761

Sheet Dansler
W1: INSTRUCTIONS
C3: Dansler Lucas
C6: =CONCATENATE(D62," = f (",F62," )") -> REF = f (Lucas D ) | H6: CALIBRATION INFORMATION
D7: =D62 -> REF | F7: =F62 -> Lucas D | H7: N= | I7: 500 | X7: last point=
C8: N= | E8: =COUNT(Table2234210234567[REF]) -> 80 | H8: SECV= | I8: 1.2 | X8: =62+E8 -> 142
C9: Average= | D9: =AVERAGE(Table2234210234567[REF]) -> 11.1095 | F9: =AVERAGE(Table2234210234567[Lucas D]) -> 4.8946015 | H9: Number of Terms = | J9: 12
C10: Min= | D10: =MIN(Table2234210234567[REF]) -> 8.9700003 | E10: =ROUNDDOWN(MIN(D10,F10),0) -> 2 | F10: =MIN(Table2234210234567[Lucas D]) -> 2.1823727 | H10: Alpha= | I10: 0.05 | W10: =E10+E20 -> -4.2148984
C11: Max= | D11: =MAX(Table2234210234567[REF]) -> 14.43 | E11: =ROUNDUP(MAX(D11,F11),0)+1 -> 16 | F11: =MAX(Table2234210234567[Lucas D]) -> 8.2866522 | H11: Tvalue= | I11: =TINV(I10,E8) -> 1.9900634 | W11: =E11+E20 -> 9.7851016
C12: SD= | D12: =STDEV(Table2234210234567[REF]) -> 1.172905 | F12: =STDEV(Table2234210234567[Lucas D]) -> 1.1970878 | H12: Fvalue= | I12: =FINV(I10,E8-1,I7-1-J9) -> 1.3057951
C13: Medians= | D13: =MEDIAN(Table2234210234567[REF]) -> 11.01 | F13: =MEDIAN(Table2234210234567[Lucas D]) -> 4.6861071
C14: SD_medians= | D14: =1.4826*(MEDIAN(Table2234210234567[abs(lab)])) -> 1.4677736 | F14: =1.4826*MEDIAN(Table2234210234567[abs(anl)]) -> 1.2449204
F15: Robust(medians)
C16: RMSEP= | E16: =SQRT(AVERAGE(Table2234210234567[dif^2])) -> 6.2394952 | F16: =SQRT(F18^2+E20^2) -> 6.2382142
C17: Median ABS errors= | F17: =MEDIAN(Table2234210234567[abs_errors]) -> 0.36344607
C18: SEPC= | E18: =STDEV(Table2234210234567[X-Y]) -> 0.5569696 | F18: =1.4826*MEDIAN(Table2234210234567[abs_errors]) -> 0.53884514 | H18: F_sep= | I18: =I8*I12 -> 1.5669542 | J18: =IF(E18>I18,"S"," ns ") -> ns | X18: Yrec | Y18: Xrec
C19: RSDyx= | E19: =STEYX(Table2234210234567[REF],Table2234210234567[Lucas D]) -> 0.53881817 | F19: =1.4826*MEDIAN(Table2234210234567[Abs_erroryx]) -> 0.50387748 | W19: y1rect= | X19: =E$26+E$25*E10 -> 8.2733735 | Y19: =E10 -> 2
C20: BIAS= | E20: =F9-D9 -> -6.2148984 | F20: =F13-D13 -> -6.3238932 | H20: Tobs_bias= | I20: =ABS(E20/(SQRT(SUM(Table2234210234567[dif^2])/(E8*(E8-1))))) -> 8.8531562 | J20: =IF(I20>I11,"S","ns") -> S | W20: y2rect= | X20: =E$26+E$25*E11 -> 21.990554 | Y20: =E11 -> 16
C21: Slope= | E21: =SLOPE(Table2234210234567[REF],Table2234210234567[Lucas D]) -> 0.87176434 | H21: Tobs_slope= | I21: =ABS(E21-1)*SQRT((E8-1)*F12^2/E19^2) -> 2.5322474 | J21: =IF(I21>I11,"S"," ns ") -> S | W21: ym= | X21: =E$26+E$25*F9 -> 11.1095 | Y21: =F9 -> 4.8946015
C22: Intercept= | E22: =INTERCEPT(Table2234210234567[REF],Table2234210234567[Lucas D]) -> 6.8425609
C23: RSQ= | E23: =RSQ(Table2234210234567[REF],Table2234210234567[Lucas D]) -> 0.79163426 | F23: =(D12^2-F19^2)/D12^2 -> 0.81544567
C24: RPD= | E24: =1/SQRT(1-E23) -> 2.1907198 | F24: =1/SQRT(1-F23) -> 2.3277583 | H24: RPD2= | I24: =D12/E19 -> 2.1768104
C25: Least rectangle slope= | E25: =(D12/F12) -> 0.97979859 | H25: Quartile75= | I25: =QUARTILE(Table2234210234567[abs_errors],3) -> 0.62163843 | W25: cov(x,y)= | X25: =COVAR(Table2234210234567[REF],Table2234210234567[Lucas D]) -> 1.2336394
C26: Least rectangle intercept= | E26: =D9-E25*F9 -> 6.3137763 | W26: sign(cov) | X26: =SIGN(X25) -> 1
C27: RMSEPrec= | E27: =SQRT(AVERAGE(Table2234210234567[dif_rec^2])) -> 0.54734191
W29: min resid= | X29: =MIN(Table2234210234567[X-Y]) -> -8.1098546 | Y29: =X29 -> -8.1098546
W30: max resid= | X30: =MAX(Table2234210234567[X-Y]) -> -4.79041 | Y30: =X30 -> -4.79041
X38: last point=
X39: =X8 -> 142 | Y39: the last point must be changed in serie 1 for X and Y
Y40: click in the graph
Y41: select data
X58: last point=
W59: =W60*E8 -> 47.110214 | X59: =X39 -> 142
T60: =MEDIAN(Table2234210234567[abs(lab)]) -> 0.98999975 | V60: =MEDIAN(Table2234210234567[abs(anl)]) -> 0.83968729 | W60: =MEDIAN(Table2234210234567[Produits Lab x Anl]) -> 0.58887768
D61: Y | F61: X
B62: Position | C62: SN | D62: REF | E62: Column1 | F62: Lucas D | G62: X-Y | H62: diff-bias | I62: Xbiased | J62: Yest | K62: RESyx | L62: Abs_erroryx | M62: yest_rect | N62: dif^2 | O62: dif rec | P62: dif_rec^2 | Q62: abs_errors | R62: Column3 | S62: lab-med | T62: abs(lab) | U62: anl-med | V62: abs(anl) | W62: Produits Lab x Anl | X62: =D62 -> REF | AA62: =F62 -> Lucas D
B63: =VALUE((Table2234210234567[[#This Row],[Column3]]-62)) -> 1 | C63: S001 | D63: 9.9399996 | F63: 3.4784462 | G63: =Table2234210234567[[#This Row],[Lucas D]]-Table2234210234567[[#This Row],[REF]] -> -6.4615534 | H63: =Table2234210234567[[#This Row],[X-Y]]-E$20 -> -0.246655 | I63: =Table2234210234567[[#This Row],[Lucas D]]-E$20 -> 9.6933446 | J63: =Table2234210234567[[#This Row],[Lucas D]]*E$21+E$22 -> 9.8749462 | K63: =Table2234210234567[[#This Row],[Yest]]-Table2234210234567[[#This Row],[REF]] -> -0.065053385 | L63: =ABS(Table2234210234567[[#This Row],[RESyx]]) -> 0.065053385 | M63: =Table2234210234567[[#This Row],[Lucas D]]*E$25+E$26 -> 9.7219529 | N63: =Table2234210234567[[#This Row],[X-Y]]^2 -> 41.751673 | O63: =Table2234210234567[[#This Row],[yest_rect]]-Table2234210234567[[#This Row],[REF]] -> -0.21804667 | P63: =Table2234210234567[[#This Row],[dif rec]]^2 -> 0.04754435 | Q63: =ABS(Table2234210234567[[#This Row],[diff-bias]]) -> 0.246655 | R63: =CELL("row",Table2234210234567[[#This Row],[Position]]) -> 63 | S63: =Table2234210234567[[#This Row],[REF]]-D$13 -> -1.0700007 | T63: =ABS(Table2234210234567[[#This Row],[lab-med]]) -> 1.0700007 | U63: =Table2234210234567[[#This Row],[Lucas D]]-F$13 -> -1.2076609 | V63: =ABS(Table2234210234567[[#This Row],[anl-med]]) -> 1.2076609 | W63: =Table2234210234567[[#This Row],[lab-med]]*Table2234210234567[[#This Row],[anl-med]] -> 1.2921979
B64: =VALUE((Table2234210234567[[#This Row],[Column3]]-62)) -> 2 | C64: S002 | D64: 10.020001 | F64: 4.2718664 | G64: =Table2234210234567[[#This Row],[Lucas D]]-Table2234210234567[[#This Row],[REF]] -> -5.7481341 | H64: =Table2234210234567[[#This Row],[X-Y]]-E$20 -> 0.46676438 | I64: =Table2234210234567[[#This Row],[Lucas D]]-E$20 -> 10.486765 | J64: =Table2234210234567[[#This Row],[Lucas D]]*E$21+E$22 -> 10.566622 | K64: =Table2234210234567[[#This Row],[Yest]]-Table2234210234567[[#This Row],[REF]] -> 0.54662122 | L64: =ABS(Table2234210234567[[#This Row],[RESyx]]) -> 0.54662122 | M64: =Table2234210234567[[#This Row],[Lucas D]]*E$25+E$26 -> 10.499345 | N64: =Table2234210234567[[#This Row],[X-Y]]^2 -> 33.041045 | O64: =Table2234210234567[[#This Row],[yest_rect]]-Table2234210234567[[#This Row],[REF]] -> 0.4793445 | P64: =Table2234210234567[[#This Row],[dif rec]]^2 -> 0.22977115 | Q64: =ABS(Table2234210234567[[#This Row],[diff-bias]]) -> 0.46676438 | R64: =CELL("row",Table2234210234567[[#This Row],[Position]]) -> 64 | S64: =Table2234210234567[[#This Row],[REF]]-D$13 -> -0.98999975 | T64: =ABS(Table2234210234567[[#This Row],[lab-med]]) -> 0.98999975 | U64: =Table2234210234567[[#This Row],[Lucas D]]-F$13 -> -0.41424062 | V64: =ABS(Table2234210234567[[#This Row],[anl-med]]) -> 0.41424062 | W64: =Table2234210234567[[#This Row],[lab-med]]*Table2234210234567[[#This Row],[anl-med]] -> 0.41009811
B65: =VALUE((Table2234210234567[[#This Row],[Column3]]-62)) -> 3 | C65: S003 | D65: 10 | F65: 3.3444846 | G65: =Table2234210234567[[#This Row],[Lucas D]]-Table2234210234567[[#This Row],[REF]] -> -6.6555154 | H65: =Table2234210234567[[#This Row],[X-Y]]-E$20 -> -0.44061697 | I65: =Table2234210234567[[#This Row],[Lucas D]]-E$20 -> 9.559383 | J65: =Table2234210234567[[#This Row],[Lucas D]]*E$21+E$22 -> 9.7581633 | K65: =Table2234210234567[[#This Row],[Yest]]-Table2234210234567[[#This Row],[REF]] -> -0.2418367 | L65: =ABS(Table2234210234567[[#This Row],[RESyx]]) -> 0.2418367 | M65: =Table2234210234567[[#This Row],[Lucas D]]*E$25+E$26 -> 9.5906976 | N65: =Table2234210234567[[#This Row],[X-Y]]^2 -> 44.295885 | O65: =Table2234210234567[[#This Row],[yest_rect]]-Table2234210234567[[#This Row],[REF]] -> -0.40930243 | P65: =Table2234210234567[[#This Row],[dif rec]]^2 -> 0.16752848 | Q65: =ABS(Table2234210234567[[#This Row],[diff-bias]]) -> 0.44061697 | R65: =CELL("row",Table2234210234567[[#This Row],[Position]]) -> 65 | S65: =Table2234210234567[[#This Row],[REF]]-D$13 -> -1.0100003 | T65: =ABS(Table2234210234567[[#This Row],[lab-med]]) -> 1.0100003 | U65: =Table2234210234567[[#This Row],[Lucas D]]-F$13 -> -1.3416225 | V65: =ABS(Table2234210234567[[#This Row],[anl-med]]) -> 1.3416225 | W65: =Table2234210234567[[#This Row],[lab-med]]*Table2234210234567[[#This Row],[anl-med]] -> 1.355039
B66: =VALUE((Table2234210234567[[#This Row],[Column3]]-62)) -> 4 | C66: S004 | D66: 10.5 | F66: 4.6539353 | G66: =Table2234210234567[[#This Row],[Lucas D]]-Table2234210234567[[#This Row],[REF]] -> -5.8460647 | H66: =Table2234210234567[[#This Row],[X-Y]]-E$20 -> 0.36883375 | I66: =Table2234210234567[[#This Row],[Lucas D]]-E$20 -> 10.868834 | J66: =Table2234210234567[[#This Row],[Lucas D]]*E$21+E$22 -> 10.899696 | K66: =Table2234210234567[[#This Row],[Yest]]-Table2234210234567[[#This Row],[REF]] -> 0.39969574 | L66: =ABS(Table2234210234567[[#This Row],[RESyx]]) -> 0.39969574 | M66: =Table2234210234567[[#This Row],[Lucas D]]*E$25+E$26 -> 10.873696 | N66: =Table2234210234567[[#This Row],[X-Y]]^2 -> 34.176472 | O66: =Table2234210234567[[#This Row],[yest_rect]]-Table2234210234567[[#This Row],[REF]] -> 0.37369554 | P66: =Table2234210234567[[#This Row],[dif rec]]^2 -> 0.13964836 | Q66: =ABS(Table2234210234567[[#This Row],[diff-bias]]) -> 0.36883375 | R66: =CELL("row",Table2234210234567[[#This Row],[Position]]) -> 66 | S66: =Table2234210234567[[#This Row],[REF]]-D$13 -> -0.51000025 | T66: =ABS(Table2234210234567[[#This Row],[lab-med]]) -> 0.51000025 | U66: =Table2234210234567[[#This Row],[Lucas D]]-F$13 -> -0.032171751 | V66: =ABS(Table2234210234567[[#This Row],[anl-med]]) -> 0.032171751 | W66: =Table2234210234567[[#This Row],[lab-med]]*Table2234210234567[[#This Row],[anl-med]] -> 0.016407601
B67: =VALUE((Table2234210234567[[#This Row],[Column3]]-62)) -> 5 | C67: S005 | D67: 10.78 | F67: 4.1095109 | G67: =Table2234210234567[[#This Row],[Lucas D]]-Table2234210234567[[#This Row],[REF]] -> -6.6704888 | H67: =Table2234210234567[[#This Row],[X-Y]]-E$20 -> -0.45559038 | I67: =Table2234210234567[[#This Row],[Lucas D]]-E$20 -> 10.324409 | J67: =Table2234210234567[[#This Row],[Lucas D]]*E$21+E$22 -> 10.425086 | K67: =Table2234210234567[[#This Row],[Yest]]-Table2234210234567[[#This Row],[REF]] -> -0.35491376 | L67: =ABS(Table2234210234567[[#This Row],[RESyx]]) -> 0.35491376 | M67: =Table2234210234567[[#This Row],[Lucas D]]*E$25+E$26 -> 10.340269 | N67: =Table2234210234567[[#This Row],[X-Y]]^2 -> 44.495421 | O67: =Table2234210234567[[#This Row],[yest_rect]]-Table2234210234567[[#This Row],[REF]] -> -0.43973045 | P67: =Table2234210234567[[#This Row],[dif rec]]^2 -> 0.19336286 | Q67: =ABS(Table2234210234567[[#This Row],[diff-bias]]) -> 0.45559038 | R67: =CELL("row",Table2234210234567[[#This Row],[Position]]) -> 67 | S67: =Table2234210234567[[#This Row],[REF]]-D$13 -> -0.23000055 | T67: =ABS(Table2234210234567[[#This Row],[lab-med]]) -> 0.23000055 | U67: =Table2234210234567[[#This Row],[Lucas D]]-F$13 -> -0.57659618 | V67: =ABS(Table2234210234567[[#This Row],[anl-med]]) -> 0.57659618 | W67: =Table2234210234567[[#This Row],[lab-med]]*Table2234210234567[[#This Row],[anl-med]] -> 0.13261744
B68: =VALUE((Table2234210234567[[#This Row],[Column3]]-62)) -> 6 | C68: S006 | D68: 10.45 | F68: 4.4478419 | G68: =Table2234210234567[[#This Row],[Lucas D]]-Table2234210234567[[#This Row],[REF]] -> -6.0021579 | H68: =Table2234210234567[[#This Row],[X-Y]]-E$20 -> 0.21274055 | I68: =Table2234210234567[[#This Row],[Lucas D]]-E$20 -> 10.66274 | J68: =Table2234210234567[[#This Row],[Lucas D]]*E$21+E$22 -> 10.720031 | K68: =Table2234210234567[[#This Row],[Yest]]-Table2234210234567[[#This Row],[REF]] -> 0.27003107 | L68: =ABS(Table2234210234567[[#This Row],[RESyx]]) -> 0.27003107 | M68: =Table2234210234567[[#This Row],[Lucas D]]*E$25+E$26 -> 10.671766 | N68: =Table2234210234567[[#This Row],[X-Y]]^2 -> 36.025899 | O68: =Table2234210234567[[#This Row],[yest_rect]]-Table2234210234567[[#This Row],[REF]] -> 0.22176572 | P68: =Table2234210234567[[#This Row],[dif rec]]^2 -> 0.049180037 | Q68: =ABS(Table2234210234567[[#This Row],[diff-bias]]) -> 0.21274055 | R68: =CELL("row",Table2234210234567[[#This Row],[Position]]) -> 68 | S68: =Table2234210234567[[#This Row],[REF]]-D$13 -> -0.56000045 | T68: =ABS(Table2234210234567[[#This Row],[lab-med]]) -> 0.56000045 | U68: =Table2234210234567[[#This Row],[Lucas D]]-F$13 -> -0.23826515 | V68: =ABS(Table2234210234567[[#This Row],[anl-med]]) -> 0.23826515 | W68: =Table2234210234567[[#This Row],[lab-med]]*Table2234210234567[[#This Row],[anl-med]] -> 0.13342859
B69: =VALUE((Table2234210234567[[#This Row],[Column3]]-62)) -> 7 | C69: S007 | D69: 11.020001 | F69: 2.9101459 | G69: =Table2234210234567[[#This Row],[Lucas D]]-Table2234210234567[[#This Row],[REF]] -> -8.1098546 | H69: =Table2234210234567[[#This Row],[X-Y]]-E$20 -> -1.8949562 | I69: =Table2234210234567[[#This Row],[Lucas D]]-E$20 -> 9.1250443 | J69: =Table2234210234567[[#This Row],[Lucas D]]*E$21+E$22 -> 9.3795223 | K69: =Table2234210234567[[#This Row],[Yest]]-Table2234210234567[[#This Row],[REF]] -> -1.6404782 | L69: =ABS(Table2234210234567[[#This Row],[RESyx]]) -> 1.6404782 | M69: =Table2234210234567[[#This Row],[Lucas D]]*E$25+E$26 -> 9.1651331 | N69: =Table2234210234567[[#This Row],[X-Y]]^2 -> 65.769742 | O69: =Table2234210234567[[#This Row],[yest_rect]]-Table2234210234567[[#This Row],[REF]] -> -1.8548674 | P69: =Table2234210234567[[#This Row],[dif rec]]^2 -> 3.4405329 | Q69: =ABS(Table2234210234567[[#This Row],[diff-bias]]) -> 1.8949562 | R69: =CELL("row",Table2234210234567[[#This Row],[Position]]) -> 69 | S69: =Table2234210234567[[#This Row],[REF]]-D$13 -> 0.01000025 | T69: =ABS(Table2234210234567[[#This Row],[lab-med]]) -> 0.01000025 | U69: =Table2234210234567[[#This Row],[Lucas D]]-F$13 -> -1.7759612 | V69: =ABS(Table2234210234567[[#This Row],[anl-med]]) -> 1.7759612 | W69: =Table2234210234567[[#This Row],[lab-med]]*Table2234210234567[[#This Row],[anl-med]] -> -0.017760056
B70: =VALUE((Table2234210234567[[#This Row],[Column3]]-62)) -> 8 | C70: S008 | D70: 10.8 | F70: 3.9000318 | G70: =Table2234210234567[[#This Row],[Lucas D]]-Table2234210234567[[#This Row],[REF]] -> -6.8999684 | H70: =Table2234210234567[[#This Row],[X-Y]]-E$20 -> -0.68506992 | I70: =Table2234210234567[[#This Row],[Lucas D]]-E$20 -> 10.11493 | J70: =Table2234210234567[[#This Row],[Lucas D]]*E$21+E$22 -> 10.24247 | K70: =Table2234210234567[[#This Row],[Yest]]-Table2234210234567[[#This Row],[REF]] -> -0.55753062 | L70: =ABS(Table2234210234567[[#This Row],[RESyx]]) -> 0.55753062 | M70: =Table2234210234567[[#This Row],[Lucas D]]*E$25+E$26 -> 10.135022 | N70: =Table2234210234567[[#This Row],[X-Y]]^2 -> 47.609563 | O70: =Table2234210234567[[#This Row],[yest_rect]]-Table2234210234567[[#This Row],[REF]] -> -0.66497821 | P70: =Table2234210234567[[#This Row],[dif rec]]^2 -> 0.44219602 | Q70: =ABS(Table2234210234567[[#This Row],[diff-bias]]) -> 0.68506992 | R70: =CELL("row",Table2234210234567[[#This Row],[Position]]) -> 70 | S70: =Table2234210234567[[#This Row],[REF]]-D$13 -> -0.21000005 | T70: =ABS(Table2234210234567[[#This Row],[lab-med]]) -> 0.21000005 | U70: =Table2234210234567[[#This Row],[Lucas D]]-F$13 -> -0.78607522 | V70: =ABS(Table2234210234567[[#This Row],[anl-med]]) -> 0.78607522 | W70: =Table2234210234567[[#This Row],[lab-med]]*Table2234210234567[[#This Row],[anl-med]] -> 0.16507584
B71: =VALUE((Table2234210234567[[#This Row],[Column3]]-62)) -> 9 | C71: S009 | D71: 10.88 | F71: 4.6715163 | G71: =Table2234210234567[[#This Row],[Lucas D]]-Table2234210234567[[#This Row],[REF]] -> -6.2084838 | H71: =Table2234210234567[[#This Row],[X-Y]]-E$20 -> 0.0064146749 | I71: =Table2234210234567[[#This Row],[Lucas D]]-E$20 -> 10.886415 | J71: =Table2234210234567[[#This Row],[Lucas D]]*E$21+E$22 -> 10.915022 | K71: =Table2234210234567[[#This Row],[Yest]]-Table2234210234567[[#This Row],[REF]] -> 0.035022153 | L71: =ABS(Table2234210234567[[#This Row],[RESyx]]) -> 0.035022153 | M71: =Table2234210234567[[#This Row],[Lucas D]]*E$25+E$26 -> 10.890921 | N71: =Table2234210234567[[#This Row],[X-Y]]^2 -> 38.545271 | O71: =Table2234210234567[[#This Row],[yest_rect]]-Table2234210234567[[#This Row],[REF]] -> 0.010921311 | P71: =Table2234210234567[[#This Row],[dif rec]]^2 -> 0.00011927502 | Q71: =ABS(Table2234210234567[[#This Row],[diff-bias]]) -> 0.0064146749 | R71: =CELL("row",Table2234210234567[[#This Row],[Position]]) -> 71 | S71: =Table2234210234567[[#This Row],[REF]]-D$13 -> -0.13000015 | T71: =ABS(Table2234210234567[[#This Row],[lab-med]]) -> 0.13000015 | U71: =Table2234210234567[[#This Row],[Lucas D]]-F$13 -> -0.014590722 | V71: =ABS(Table2234210234567[[#This Row],[anl-med]]) -> 0.014590722 | W71: =Table2234210234567[[#This Row],[lab-med]]*Table2234210234567[[#This Row],[anl-med]] -> 0.001896796
B72: =VALUE((Table2234210234567[[#This Row],[Column3]]-62)) -> 10 | C72: S010 | D72: 11.06 | F72: 4.4731904 | G72: =Table2234210234567[[#This Row],[Lucas D]]-Table2234210234567[[#This Row],[REF]] -> -6.58681 | H72: =Table2234210234567[[#This Row],[X-Y]]-E$20 -> -0.37191154 | I72: =Table2234210234567[[#This Row],[Lucas D]]-E$20 -> 10.688089 | J72: =Table2234210234567[[#This Row],[Lucas D]]*E$21+E$22 -> 10.742129 | K72: =Table2234210234567[[#This Row],[Yest]]-Table2234210234567[[#This Row],[REF]] -> -0.31787161 | L72: =ABS(Table2234210234567[[#This Row],[RESyx]]) -> 0.31787161 | M72: =Table2234210234567[[#This Row],[Lucas D]]*E$25+E$26 -> 10.696602 | N72: =Table2234210234567[[#This Row],[X-Y]]^2 -> 43.386066 | O72: =Table2234210234567[[#This Row],[yest_rect]]-Table2234210234567[[#This Row],[REF]] -> -0.36339845 | P72: =Table2234210234567[[#This Row],[dif rec]]^2 -> 0.13205843 | Q72: =ABS(Table2234210234567[[#This Row],[diff-bias]]) -> 0.37191154 | R72: =CELL("row",Table2234210234567[[#This Row],[Position]]) -> 72 | S72: =Table2234210234567[[#This Row],[REF]]-D$13 -> 0.05000015 | T72: =ABS(Table2234210234567[[#This Row],[lab-med]]) -> 0.05000015 | U72: =Table2234210234567[[#This Row],[Lucas D]]-F$13 -> -0.21291664 | V72: =ABS(Table2234210234567[[#This Row],[anl-med]]) -> 0.21291664 | W72: =Table2234210234567[[#This Row],[lab-med]]*Table2234210234567[[#This Row],[anl-med]] -> -0.010645864
B73: =VALUE((Table2234210234567[[#This Row],[Column3]]-62)) -> 11 | C73: S011 | D73: 11.09 | F73: 5.5500297 | G73: =Table2234210234567[[#This Row],[Lucas D]]-Table2234210234567[[#This Row],[REF]] -> -5.5399705 | H73: =Table2234210234567[[#This Row],[X-Y]]-E$20 -> 0.67492794 | I73: =Table2234210234567[[#This Row],[Lucas D]]-E$20 -> 11.764928 | J73: =Table2234210234567[[#This Row],[Lucas D]]*E$21+E$22 -> 11.680879 | K73: =Table2234210234567[[#This Row],[Yest]]-Table2234210234567[[#This Row],[REF]] -> 0.59087868 | L73: =ABS(Table2234210234567[[#This Row],[RESyx]]) -> 0.59087868 | M73: =Table2234210234567[[#This Row],[Lucas D]]*E$25+E$26 -> 11.751688 | N73: =Table2234210234567[[#This Row],[X-Y]]^2 -> 30.691273 | O73: =Table2234210234567[[#This Row],[yest_rect]]-Table2234210234567[[#This Row],[REF]] -> 0.66168737 | P73: =Table2234210234567[[#This Row],[dif rec]]^2 -> 0.43783017 | Q73: =ABS(Table2234210234567[[#This Row],[diff-bias]]) -> 0.67492794 | R73: =CELL("row",Table2234210234567[[#This Row],[Position]]) -> 73 | S73: =Table2234210234567[[#This Row],[REF]]-D$13 -> 0.07999995 | T73: =ABS(Table2234210234567[[#This Row],[lab-med]]) -> 0.07999995 | U73: =Table2234210234567[[#This Row],[Lucas D]]-F$13 -> 0.86392264 | V73: =ABS(Table2234210234567[[#This Row],[anl-med]]) -> 0.86392264 | W73: =Table2234210234567[[#This Row],[lab-med]]*Table2234210234567[[#This Row],[anl-med]] -> 0.069113768
B74: =VALUE((Table2234210234567[[#This Row],[Column3]]-62)) -> 12 | C74: S012 | D74: 11.62 | F74: 5.0846791 | G74: =Table2234210234567[[#This Row],[Lucas D]]-Table2234210234567[[#This Row],[REF]] -> -6.5353208 | H74: =Table2234210234567[[#This Row],[X-Y]]-E$20 -> -0.32042236 | I74: =Table2234210234567[[#This Row],[Lucas D]]-E$20 -> 11.299578 | J74: =Table2234210234567[[#This Row],[Lucas D]]*E$21+E$22 -> 11.275203 | K74: =Table2234210234567[[#This Row],[Yest]]-Table2234210234567[[#This Row],[REF]] -> -0.34479708 | L74: =ABS(Table2234210234567[[#This Row],[RESyx]]) -> 0.34479708 | M74: =Table2234210234567[[#This Row],[Lucas D]]*E$25+E$26 -> 11.295738 | N74: =Table2234210234567[[#This Row],[X-Y]]^2 -> 42.710418 | O74: =Table2234210234567[[#This Row],[yest_rect]]-Table2234210234567[[#This Row],[REF]] -> -0.32426219 | P74: =Table2234210234567[[#This Row],[dif rec]]^2 -> 0.10514597 | Q74: =ABS(Table2234210234567[[#This Row],[diff-bias]]) -> 0.32042236 | R74: =CELL("row",Table2234210234567[[#This Row],[Position]]) -> 74 | S74: =Table2234210234567[[#This Row],[REF]]-D$13 -> 0.60999965 | T74: =ABS(Table2234210234567[[#This Row],[lab-med]]) -> 0.60999965 | U74: =Table2234210234567[[#This Row],[Lucas D]]-F$13 -> 0.39857204 | V74: =ABS(Table2234210234567[[#This Row],[anl-med]]) -> 0.39857204 | W74: =Table2234210234567[[#This Row],[lab-med]]*Table2234210234567[[#This Row],[anl-med]] -> 0.24312881
... B142: =VALUE((Table2234210234567[[#This Row],[Column3]]-62)) -> 80 | C142: S080 | D142: 14.43 | F142: 8.2866522 | G142: =Table2234210234567[[#This Row],[Lucas D]]-Table2234210234567[[#This Row],[REF]] -> -6.1433481 | H142: =Table2234210234567[[#This Row],[X-Y]]-E$20 -> 0.071550338 | I142: =Table2234210234567[[#This Row],[Lucas D]]-E$20 -> 14.501551 | J142: =Table2234210234567[[#This Row],[Lucas D]]*E$21+E$22 -> 14.066569 | K142: =Table2234210234567[[#This Row],[Yest]]-Table2234210234567[[#This Row],[REF]] -> -0.36343151 | L142: =ABS(Table2234210234567[[#This Row],[RESyx]]) -> 0.36343151 | M142: =Table2234210234567[[#This Row],[Lucas D]]*E$25+E$26 -> 14.433026 | N142: =Table2234210234567[[#This Row],[X-Y]]^2 -> 37.740726 | O142: =Table2234210234567[[#This Row],[yest_rect]]-Table2234210234567[[#This Row],[REF]] -> 0.0030261322 | P142: =Table2234210234567[[#This Row],[dif rec]]^2 -> 9.157476e-06 | Q142: =ABS(Table2234210234567[[#This Row],[diff-bias]]) -> 0.071550338 | R142: =CELL("row",Table2234210234567[[#This Row],[Position]]) -> 142 | S142: =Table2234210234567[[#This Row],[REF]]-D$13 -> 3.42 | T142: =ABS(Table2234210234567[[#This Row],[lab-med]]) -> 3.42 | U142: =Table2234210234567[[#This Row],[Lucas D]]-F$13 -> 3.6005451 | V142: =ABS(Table2234210234567[[#This Row],[anl-med]]) -> 3.6005451 | W142: =Table2234210234567[[#This Row],[lab-med]]*Table2234210234567[[#This Row],[anl-med]] -> 12.313865

Sheet A Florent
W1: INSTRUCTIONS
C3: Abdelghafour Florent
C6: =CONCATENATE(D62," = f (",F62," )") -> REF = f (Florent ) | H6: CALIBRATION INFORMATION
D7: =D62 -> REF | F7: =F62 -> Florent | H7: N= | I7: 500 | X7: last point=
C8: N= | E8: =COUNT(Table22342102345678[REF]) -> 80 | H8: SECV= | I8: 1.2 | X8: =62+E8 -> 142
C9: Average= | D9: =AVERAGE(Table22342102345678[REF]) -> 11.1095 | F9: =AVERAGE(Table22342102345678[[Florent ]]) -> 10.817138 | H9: Number of Terms = | J9: 12
C10: Min= | D10: =MIN(Table22342102345678[REF]) -> 8.9700003 | E10: =ROUNDDOWN(MIN(D10,F10),0) -> 7 | F10: =MIN(Table22342102345678[[Florent ]]) -> 7.2312107 | H10: Alpha= | I10: 0.05 | W10: =E10+E20 -> 6.7076376
C11: Max= | D11: =MAX(Table22342102345678[REF]) -> 14.43 | E11: =ROUNDUP(MAX(D11,F11),0)+1 -> 17 | F11: =MAX(Table22342102345678[[Florent ]]) -> 15.565315 | H11: Tvalue= | I11: =TINV(I10,E8) -> 1.9900634 | W11: =E11+E20 -> 16.707638
C12: SD= | D12: =STDEV(Table22342102345678[REF]) -> 1.172905 | F12: =STDEV(Table22342102345678[[Florent ]]) -> 1.9315733 | H12: Fvalue= | I12: =FINV(I10,E8-1,I7-1-J9) -> 1.3057951
C13: Medians= | D13: =MEDIAN(Table22342102345678[REF]) -> 11.01 | F13: =MEDIAN(Table22342102345678[[Florent ]]) -> 10.648168
C14: SD_medians= | D14: =1.4826*(MEDIAN(Table22342102345678[abs(lab)])) -> 1.4677736 | F14: =1.4826*MEDIAN(Table22342102345678[abs(anl)]) -> 2.142518
F15: Robust(medians)
C16: RMSEP= | E16: =SQRT(AVERAGE(Table22342102345678[dif^2])) -> 1.5072273 | F16: =SQRT(F18^2+E20^2) -> 1.7724438
C17: Median ABS errors= | F17: =MEDIAN(Table22342102345678[abs_errors]) -> 1.1791212
C18: SEPC= | E18: =STDEV(Table22342102345678[X-Y]) -> 1.4879289 | F18: =1.4826*MEDIAN(Table22342102345678[abs_errors]) -> 1.7481651 | H18: F_sep= | I18: =I8*I12 -> 1.5669542 | J18: =IF(E18>I18,"S"," ns ") -> ns | X18: Yrec | Y18: Xrec
C19: RSDyx= | E19: =STEYX(Table22342102345678[REF],Table22342102345678[[Florent ]]) -> 0.9085393 | F19: =1.4826*MEDIAN(Table22342102345678[Abs_erroryx]) -> 0.93476112 | W19: y1rect= | X19: =E$26+E$25*E10 -> 8.791628 | Y19: =E10 -> 7
C20: BIAS= | E20: =F9-D9 -> -0.29236242 | F20: =F13-D13 -> -0.36183206 | H20: Tobs_bias= | I20: =ABS(E20/(SQRT(SUM(Table22342102345678[dif^2])/(E8*(E8-1))))) -> 1.7240758 | J20: =IF(I20>I11,"S","ns") -> ns | W20: y2rect= | X20: =E$26+E$25*E11 -> 14.863906 | Y20: =E11 -> 17
C21: Slope= | E21: =SLOPE(Table22342102345678[REF],Table22342102345678[[Florent ]]) -> 0.3876666 | H21: Tobs_slope= | I21: =ABS(E21-1)*SQRT((E8-1)*F12^2/E19^2) -> 11.570949 | J21: =IF(I21>I11,"S"," ns ") -> S | W21: ym= | X21: =E$26+E$25*F9 -> 11.1095 | Y21: =F9 -> 10.817138
C22: Intercept= | E22: =INTERCEPT(Table22342102345678[REF],Table22342102345678[[Florent ]]) -> 6.9160571
C23: RSQ= | E23: =RSQ(Table22342102345678[REF],Table22342102345678[[Florent ]]) -> 0.40758058 | F23: =(D12^2-F19^2)/D12^2 -> 0.364851
C24: RPD= | E24: =1/SQRT(1-E23) -> 1.299228 | F24: =1/SQRT(1-F23) -> 1.2547644 | H24: RPD2= | I24: =D12/E19 -> 1.2909788
C25: Least rectangle slope= | E25: =(D12/F12) -> 0.60722779 | H25: Quartile75= | I25: =QUARTILE(Table22342102345678[abs_errors],3) -> 1.6707105 | W25: cov(x,y)= | X25: =COVAR(Table22342102345678[REF],Table22342102345678[[Florent ]]) -> 1.4282948
C26: Least rectangle intercept= | E26: =D9-E25*F9 -> 4.5410334 | W26: sign(cov) | X26: =SIGN(X25) -> 1
C27: RMSEPrec= | E27: =SQRT(AVERAGE(Table22342102345678[dif_rec^2])) -> 0.99117047
W29: min resid= | X29: =MIN(Table22342102345678[X-Y]) -> -2.8814068 | Y29: =X29 -> -2.8814068
W30: max resid= | X30: =MAX(Table22342102345678[X-Y]) -> 3.6895892 | Y30: =X30 -> 3.6895892
X38: last point=
X39: =X8 -> 142 | Y39: the last point must be changed in serie 1 for X and Y
Y40: click in the graph
Y41: select data
X58: last point=
W59: =W60*E8 -> 56.182353 | X59: =X39 -> 142
T60: =MEDIAN(Table22342102345678[abs(lab)]) -> 0.98999975 | V60: =MEDIAN(Table22342102345678[abs(anl)]) -> 1.4451086 | W60: =MEDIAN(Table22342102345678[Produits Lab x Anl]) -> 0.70227942
D61: Y | F61: X
B62: Position | C62: SN | D62: REF | E62: Column1 | F62: Florent | G62: X-Y | H62: diff-bias | I62: Xbiased | J62: Yest | K62: RESyx | L62: Abs_erroryx | M62: yest_rect | N62: dif^2 | O62: dif rec | P62: dif_rec^2 | Q62: abs_errors | R62: Column3 | S62: lab-med | T62: abs(lab) | U62: anl-med | V62: abs(anl) | W62: Produits Lab x Anl | X62: =D62 -> REF | AA62: =F62 -> Florent
B63: =VALUE((Table22342102345678[[#This Row],[Column3]]-62)) -> 1 | C63: S001 | D63: 9.9399996 | F63: 9.0625897 | G63: =Table22342102345678[[#This Row],[Florent ]]-Table22342102345678[[#This Row],[REF]] -> -0.87740993 | H63: =Table22342102345678[[#This Row],[X-Y]]-E$20 -> -0.58504751 | I63: =Table22342102345678[[#This Row],[Florent ]]-E$20 -> 9.3549521 | J63: =Table22342102345678[[#This Row],[Florent ]]*E$21+E$22 -> 10.42932 | K63: =Table22342102345678[[#This Row],[Yest]]-Table22342102345678[[#This Row],[REF]] -> 0.48932077 | L63: =ABS(Table22342102345678[[#This Row],[RESyx]]) -> 0.48932077 | M63: =Table22342102345678[[#This Row],[Florent ]]*E$25+E$26 -> 10.04409 | N63: =Table22342102345678[[#This Row],[X-Y]]^2 -> 0.76984818 | O63: =Table22342102345678[[#This Row],[yest_rect]]-Table22342102345678[[#This Row],[REF]] -> 0.10409013 | P63: =Table22342102345678[[#This Row],[dif rec]]^2 -> 0.010834756 | Q63: =ABS(Table22342102345678[[#This Row],[diff-bias]]) -> 0.58504751 | R63: =CELL("row",Table22342102345678[[#This Row],[Position]]) -> 63 | S63: =Table22342102345678[[#This Row],[REF]]-D$13 -> -1.0700007 | T63: =ABS(Table22342102345678[[#This Row],[lab-med]]) -> 1.0700007 | U63: =Table22342102345678[[#This Row],[Florent ]]-F$13 -> -1.5855785 | V63: =ABS(Table22342102345678[[#This Row],[anl-med]]) -> 1.5855785 | W63: =Table22342102345678[[#This Row],[lab-med]]*Table22342102345678[[#This Row],[anl-med]] -> 1.6965701
B64: =VALUE((Table22342102345678[[#This Row],[Column3]]-62)) -> 2 | C64: S002 | D64: 10.020001 | F64: 10.542042 | G64: =Table22342102345678[[#This Row],[Florent ]]-Table22342102345678[[#This Row],[REF]] -> 0.52204182 | H64: =Table22342102345678[[#This Row],[X-Y]]-E$20 -> 0.81440424 | I64: =Table22342102345678[[#This Row],[Florent ]]-E$20 -> 10.834405 | J64: =Table22342102345678[[#This Row],[Florent ]]*E$21+E$22 -> 11.002855 | K64: =Table22342102345678[[#This Row],[Yest]]-Table22342102345678[[#This Row],[REF]] -> 0.98285424 | L64: =ABS(Table22342102345678[[#This Row],[RESyx]]) -> 0.98285424 | M64: =Table22342102345678[[#This Row],[Florent ]]*E$25+E$26 -> 10.942455 | N64: =Table22342102345678[[#This Row],[X-Y]]^2 -> 0.27252766 | O64: =Table22342102345678[[#This Row],[yest_rect]]-Table22342102345678[[#This Row],[REF]] -> 0.922454 | P64: =Table22342102345678[[#This Row],[dif rec]]^2 -> 0.85092139 | Q64: =ABS(Table22342102345678[[#This Row],[diff-bias]]) -> 0.81440424 | R64: =CELL("row",Table22342102345678[[#This Row],[Position]]) -> 64 | S64: =Table22342102345678[[#This Row],[REF]]-D$13 -> -0.98999975 | T64: =ABS(Table22342102345678[[#This Row],[lab-med]]) -> 0.98999975 | U64: =Table22342102345678[[#This Row],[Florent ]]-F$13 -> -0.10612587 | V64: =ABS(Table22342102345678[[#This Row],[anl-med]]) -> 0.10612587 | W64: =Table22342102345678[[#This Row],[lab-med]]*Table22342102345678[[#This Row],[anl-med]] -> 0.10506459
B65: =VALUE((Table22342102345678[[#This Row],[Column3]]-62)) -> 3 | C65: S003 | D65: 10 | F65: 13.689589 | G65: =Table22342102345678[[#This Row],[Florent ]]-Table22342102345678[[#This Row],[REF]] -> 3.6895892 | H65: =Table22342102345678[[#This Row],[X-Y]]-E$20 -> 3.9819516 | I65: =Table22342102345678[[#This Row],[Florent ]]-E$20 -> 13.981952 | J65: =Table22342102345678[[#This Row],[Florent ]]*E$21+E$22 -> 12.223054 | K65: =Table22342102345678[[#This Row],[Yest]]-Table22342102345678[[#This Row],[REF]] -> 2.2230535 | L65: =ABS(Table22342102345678[[#This Row],[RESyx]]) -> 2.2230535 | M65: =Table22342102345678[[#This Row],[Florent ]]*E$25+E$26 -> 12.853732 | N65: =Table22342102345678[[#This Row],[X-Y]]^2 -> 13.613068 | O65: =Table22342102345678[[#This Row],[yest_rect]]-Table22342102345678[[#This Row],[REF]] -> 2.8537324 | P65: =Table22342102345678[[#This Row],[dif rec]]^2 -> 8.1437888 | Q65: =ABS(Table22342102345678[[#This Row],[diff-bias]]) -> 3.9819516 | R65: =CELL("row",Table22342102345678[[#This Row],[Position]]) -> 65 | S65: =Table22342102345678[[#This Row],[REF]]-D$13 -> -1.0100003 | T65: =ABS(Table22342102345678[[#This Row],[lab-med]]) -> 1.0100003 | U65: =Table22342102345678[[#This Row],[Florent ]]-F$13 -> 3.041421 | V65: =ABS(Table22342102345678[[#This Row],[anl-med]]) -> 3.041421 | W65: =Table22342102345678[[#This Row],[lab-med]]*Table22342102345678[[#This Row],[anl-med]] -> -3.0718359
B66: =VALUE((Table22342102345678[[#This Row],[Column3]]-62)) -> 4 | C66: S004 | D66: 10.5 | F66: 10.86853 | G66: =Table22342102345678[[#This Row],[Florent ]]-Table22342102345678[[#This Row],[REF]] -> 0.36853031 | H66: =Table22342102345678[[#This Row],[X-Y]]-E$20 -> 0.66089273 | I66: =Table22342102345678[[#This Row],[Florent ]]-E$20 -> 11.160893 | J66: =Table22342102345678[[#This Row],[Florent ]]*E$21+E$22 -> 11.129423 | K66: =Table22342102345678[[#This Row],[Yest]]-Table22342102345678[[#This Row],[REF]] -> 0.62942323 | L66: =ABS(Table22342102345678[[#This Row],[RESyx]]) -> 0.62942323 | M66: =Table22342102345678[[#This Row],[Florent ]]*E$25+E$26 -> 11.140707 | N66: =Table22342102345678[[#This Row],[X-Y]]^2 -> 0.13581459 | O66: =Table22342102345678[[#This Row],[yest_rect]]-Table22342102345678[[#This Row],[REF]] -> 0.64070709 | P66: =Table22342102345678[[#This Row],[dif rec]]^2 -> 0.41050557 | Q66: =ABS(Table22342102345678[[#This Row],[diff-bias]]) -> 0.66089273 | R66: =CELL("row",Table22342102345678[[#This Row],[Position]]) -> 66 | S66: =Table22342102345678[[#This Row],[REF]]-D$13 -> -0.51000025 | T66: =ABS(Table22342102345678[[#This Row],[lab-med]]) -> 0.51000025 | U66: =Table22342102345678[[#This Row],[Florent ]]-F$13 -> 0.22036212 | V66: =ABS(Table22342102345678[[#This Row],[anl-med]]) -> 0.22036212 | W66: =Table22342102345678[[#This Row],[lab-med]]*Table22342102345678[[#This Row],[anl-med]] -> -0.11238473
B67: =VALUE((Table22342102345678[[#This Row],[Column3]]-62)) -> 5 | C67: S005 | D67: 10.78 | F67: 10.417103 | G67: =Table22342102345678[[#This Row],[Florent ]]-Table22342102345678[[#This Row],[REF]] -> -0.362897 | H67: =Table22342102345678[[#This Row],[X-Y]]-E$20 -> -0.070534583 | I67: =Table22342102345678[[#This Row],[Florent ]]-E$20 -> 10.709465 | J67: =Table22342102345678[[#This Row],[Florent ]]*E$21+E$22 -> 10.95442 | K67: =Table22342102345678[[#This Row],[Yest]]-Table22342102345678[[#This Row],[REF]] -> 0.17442013 | L67: =ABS(Table22342102345678[[#This Row],[RESyx]]) -> 0.17442013 | M67: =Table22342102345678[[#This Row],[Florent ]]*E$25+E$26 -> 10.866588 | N67: =Table22342102345678[[#This Row],[X-Y]]^2 -> 0.13169423 | O67: =Table22342102345678[[#This Row],[yest_rect]]-Table22342102345678[[#This Row],[REF]] -> 0.086587992 | P67: =Table22342102345678[[#This Row],[dif rec]]^2 -> 0.0074974804 | Q67: =ABS(Table22342102345678[[#This Row],[diff-bias]]) -> 0.070534583 | R67: =CELL("row",Table22342102345678[[#This Row],[Position]]) -> 67 | S67: =Table22342102345678[[#This Row],[REF]]-D$13 -> -0.23000055 | T67: =ABS(Table22342102345678[[#This Row],[lab-med]]) -> 0.23000055 | U67: =Table22342102345678[[#This Row],[Florent ]]-F$13 -> -0.2310655 | V67: =ABS(Table22342102345678[[#This Row],[anl-med]]) -> 0.2310655 | W67: =Table22342102345678[[#This Row],[lab-med]]*Table22342102345678[[#This Row],[anl-med]] -> 0.053145191
B68: =VALUE((Table22342102345678[[#This Row],[Column3]]-62)) -> 6 | C68: S006 | D68: 10.45 | F68: 9.8602688 | G68: =Table22342102345678[[#This Row],[Florent ]]-Table22342102345678[[#This Row],[REF]] -> -0.58973104 | H68: =Table22342102345678[[#This Row],[X-Y]]-E$20 -> -0.29736862 | I68: =Table22342102345678[[#This Row],[Florent ]]-E$20 -> 10.152631 | J68: =Table22342102345678[[#This Row],[Florent ]]*E$21+E$22 -> 10.738554 | K68: =Table22342102345678[[#This Row],[Yest]]-Table22342102345678[[#This Row],[REF]] -> 0.28855411 | L68: =ABS(Table22342102345678[[#This Row],[RESyx]]) -> 0.28855411 | M68: =Table22342102345678[[#This Row],[Florent ]]*E$25+E$26 -> 10.528463 | N68: =Table22342102345678[[#This Row],[X-Y]]^2 -> 0.3477827 | O68: =Table22342102345678[[#This Row],[yest_rect]]-Table22342102345678[[#This Row],[REF]] -> 0.078462849 | P68: =Table22342102345678[[#This Row],[dif rec]]^2 -> 0.0061564187 | Q68: =ABS(Table22342102345678[[#This Row],[diff-bias]]) -> 0.29736862 | R68: =CELL("row",Table22342102345678[[#This Row],[Position]]) -> 68 | S68: =Table22342102345678[[#This Row],[REF]]-D$13 -> -0.56000045 | T68: =ABS(Table22342102345678[[#This Row],[lab-med]]) -> 0.56000045 | U68: =Table22342102345678[[#This Row],[Florent ]]-F$13 -> -0.78789943 | V68: =ABS(Table22342102345678[[#This Row],[anl-med]]) -> 0.78789943 | W68: =Table22342102345678[[#This Row],[lab-med]]*Table22342102345678[[#This Row],[anl-med]] -> 0.44122404
B69: =VALUE((Table22342102345678[[#This Row],[Column3]]-62)) -> 7 | C69: S007 | D69: 11.020001 | F69: 9.9977054 | G69: =Table22342102345678[[#This Row],[Florent ]]-Table22342102345678[[#This Row],[REF]] -> -1.0222951 | H69: =Table22342102345678[[#This Row],[X-Y]]-E$20 -> -0.7299327 | I69: =Table22342102345678[[#This Row],[Florent ]]-E$20 -> 10.290068 | J69: =Table22342102345678[[#This Row],[Florent ]]*E$21+E$22 -> 10.791833 | K69: =Table22342102345678[[#This Row],[Yest]]-Table22342102345678[[#This Row],[REF]] -> -0.22816701 | L69: =ABS(Table22342102345678[[#This Row],[RESyx]]) -> 0.22816701 | M69: =Table22342102345678[[#This Row],[Florent ]]*E$25+E$26 -> 10.611918 | N69: =Table22342102345678[[#This Row],[X-Y]]^2 -> 1.0450873 | O69: =Table22342102345678[[#This Row],[yest_rect]]-Table22342102345678[[#This Row],[REF]] -> -0.40808251 | P69: =Table22342102345678[[#This Row],[dif rec]]^2 -> 0.16653134 | Q69: =ABS(Table22342102345678[[#This Row],[diff-bias]]) -> 0.7299327 | R69: =CELL("row",Table22342102345678[[#This Row],[Position]]) -> 69 | S69: =Table22342102345678[[#This Row],[REF]]-D$13 -> 0.01000025 | T69: =ABS(Table22342102345678[[#This Row],[lab-med]]) -> 0.01000025 | U69: =Table22342102345678[[#This Row],[Florent ]]-F$13 -> -0.65046281 | V69: =ABS(Table22342102345678[[#This Row],[anl-med]]) -> 0.65046281 | W69: =Table22342102345678[[#This Row],[lab-med]]*Table22342102345678[[#This Row],[anl-med]] -> -0.0065047907
B70: =VALUE((Table22342102345678[[#This Row],[Column3]]-62)) -> 8 | C70: S008 | D70: 10.8 | F70: 10.286759 | G70: =Table22342102345678[[#This Row],[Florent ]]-Table22342102345678[[#This Row],[REF]] -> -0.51324137 | H70: =Table22342102345678[[#This Row],[X-Y]]-E$20 -> -0.22087895 | I70: =Table22342102345678[[#This Row],[Florent ]]-E$20 -> 10.579121 | J70: =Table22342102345678[[#This Row],[Florent ]]*E$21+E$22 -> 10.90389 | K70: =Table22342102345678[[#This Row],[Yest]]-Table22342102345678[[#This Row],[REF]] -> 0.10388966 | L70: =ABS(Table22342102345678[[#This Row],[RESyx]]) -> 0.10388966 | M70: =Table22342102345678[[#This Row],[Florent ]]*E$25+E$26 -> 10.787439 | N70: =Table22342102345678[[#This Row],[X-Y]]^2 -> 0.2634167 | O70: =Table22342102345678[[#This Row],[yest_rect]]-Table22342102345678[[#This Row],[REF]] -> -0.012560928 | P70: =Table22342102345678[[#This Row],[dif rec]]^2 -> 0.0001577769 | Q70: =ABS(Table22342102345678[[#This Row],[diff-bias]]) -> 0.22087895 | R70: =CELL("row",Table22342102345678[[#This Row],[Position]]) -> 70 | S70: =Table22342102345678[[#This Row],[REF]]-D$13 -> -0.21000005 | T70: =ABS(Table22342102345678[[#This Row],[lab-med]]) -> 0.21000005 | U70: =Table22342102345678[[#This Row],[Florent ]]-F$13 -> -0.36140936 | V70: =ABS(Table22342102345678[[#This Row],[anl-med]]) -> 0.36140936 | W70: =Table22342102345678[[#This Row],[lab-med]]*Table22342102345678[[#This Row],[anl-med]] -> 0.075895985
B71: =VALUE((Table22342102345678[[#This Row],[Column3]]-62)) -> 9 | C71: S009 | D71: 10.88 | F71: 10.923704 | G71: =Table22342102345678[[#This Row],[Florent ]]-Table22342102345678[[#This Row],[REF]] -> 0.043703432 | H71: =Table22342102345678[[#This Row],[X-Y]]-E$20 -> 0.33606585 | I71: =Table22342102345678[[#This Row],[Florent ]]-E$20 -> 11.216066 | J71: =Table22342102345678[[#This Row],[Florent ]]*E$21+E$22 -> 11.150812 | K71: =Table22342102345678[[#This Row],[Yest]]-Table22342102345678[[#This Row],[REF]] -> 0.27081195 | L71: =ABS(Table22342102345678[[#This Row],[RESyx]]) -> 0.27081195 | M71: =Table22342102345678[[#This Row],[Florent ]]*E$25+E$26 -> 11.17421 | N71: =Table22342102345678[[#This Row],[X-Y]]^2 -> 0.00190999 | O71: =Table22342102345678[[#This Row],[yest_rect]]-Table22342102345678[[#This Row],[REF]] -> 0.2942097 | P71: =Table22342102345678[[#This Row],[dif rec]]^2 -> 0.086559347 | Q71: =ABS(Table22342102345678[[#This Row],[diff-bias]]) -> 0.33606585 | R71: =CELL("row",Table22342102345678[[#This Row],[Position]]) -> 71 | S71: =Table22342102345678[[#This Row],[REF]]-D$13 -> -0.13000015 | T71: =ABS(Table22342102345678[[#This Row],[lab-med]]) -> 0.13000015 | U71: =Table22342102345678[[#This Row],[Florent ]]-F$13 -> 0.27553534 | V71: =ABS(Table22342102345678[[#This Row],[anl-med]]) -> 0.27553534 | W71: =Table22342102345678[[#This Row],[lab-med]]*Table22342102345678[[#This Row],[anl-med]] -> -0.035819635
B72: =VALUE((Table22342102345678[[#This Row],[Column3]]-62)) -> 10 | C72: S010 | D72: 11.06 | F72: 8.9305767 | G72: =Table22342102345678[[#This Row],[Florent ]]-Table22342102345678[[#This Row],[REF]] -> -2.1294237 | H72: =Table22342102345678[[#This Row],[X-Y]]-E$20 -> -1.8370613 | I72: =Table22342102345678[[#This Row],[Florent ]]-E$20 -> 9.2229391 | J72: =Table22342102345678[[#This Row],[Florent ]]*E$21+E$22 -> 10.378143 | K72: =Table22342102345678[[#This Row],[Yest]]-Table22342102345678[[#This Row],[REF]] -> -0.68185704 | L72: =ABS(Table22342102345678[[#This Row],[RESyx]]) -> 0.68185704 | M72: =Table22342102345678[[#This Row],[Florent ]]*E$25+E$26 -> 9.9639278 | N72: =Table22342102345678[[#This Row],[X-Y]]^2 -> 4.5344452 | O72: =Table22342102345678[[#This Row],[yest_rect]]-Table22342102345678[[#This Row],[REF]] -> -1.0960726 | P72: =Table22342102345678[[#This Row],[dif rec]]^2 -> 1.2013751 | Q72: =ABS(Table22342102345678[[#This Row],[diff-bias]]) -> 1.8370613 | R72: =CELL("row",Table22342102345678[[#This Row],[Position]]) -> 72 | S72: =Table22342102345678[[#This Row],[REF]]-D$13 -> 0.05000015 | T72: =ABS(Table22342102345678[[#This Row],[lab-med]]) -> 0.05000015 | U72: =Table22342102345678[[#This Row],[Florent ]]-F$13 -> -1.7175915 | V72: =ABS(Table22342102345678[[#This Row],[anl-med]]) -> 1.7175915 | W72: =Table22342102345678[[#This Row],[lab-med]]*Table22342102345678[[#This Row],[anl-med]] -> -0.085879831
B73: =VALUE((Table22342102345678[[#This Row],[Column3]]-62)) -> 11 | C73: S011 | D73: 11.09 | F73: 8.5351221 | G73: =Table22342102345678[[#This Row],[Florent ]]-Table22342102345678[[#This Row],[REF]] -> -2.5548781 | H73: =Table22342102345678[[#This Row],[X-Y]]-E$20 -> -2.2625157 | I73: =Table22342102345678[[#This Row],[Florent ]]-E$20 -> 8.8274845 | J73: =Table22342102345678[[#This Row],[Florent ]]*E$21+E$22 -> 10.224839 | K73: =Table22342102345678[[#This Row],[Yest]]-Table22342102345678[[#This Row],[REF]] -> -0.86516141 | L73: =ABS(Table22342102345678[[#This Row],[RESyx]]) -> 0.86516141 | M73: =Table22342102345678[[#This Row],[Florent ]]*E$25+E$26 -> 9.7237967 | N73: =Table22342102345678[[#This Row],[X-Y]]^2 -> 6.5274023 | O73: =Table22342102345678[[#This Row],[yest_rect]]-Table22342102345678[[#This Row],[REF]] -> -1.3662035 | P73: =Table22342102345678[[#This Row],[dif rec]]^2 -> 1.8665119 | Q73: =ABS(Table22342102345678[[#This Row],[diff-bias]]) -> 2.2625157 | R73: =CELL("row",Table22342102345678[[#This Row],[Position]]) -> 73 | S73: =Table22342102345678[[#This Row],[REF]]-D$13 -> 0.07999995 | T73: =ABS(Table22342102345678[[#This Row],[lab-med]]) -> 0.07999995 | U73: =Table22342102345678[[#This Row],[Florent ]]-F$13 -> -2.1130461 | V73: =ABS(Table22342102345678[[#This Row],[anl-med]]) -> 2.1130461 | W73: =Table22342102345678[[#This Row],[lab-med]]*Table22342102345678[[#This Row],[anl-med]] -> -0.16904359
B74: =VALUE((Table22342102345678[[#This Row],[Column3]]-62)) -> 12 | C74: S012 | D74: 11.62 | F74: 8.931477 | G74: =Table22342102345678[[#This Row],[Florent ]]-Table22342102345678[[#This Row],[REF]] -> -2.6885229 | H74: =Table22342102345678[[#This Row],[X-Y]]-E$20 -> -2.3961605 | I74: =Table22342102345678[[#This Row],[Florent ]]-E$20 -> 9.2238394 | J74: =Table22342102345678[[#This Row],[Florent ]]*E$21+E$22 -> 10.378492 | K74: =Table22342102345678[[#This Row],[Yest]]-Table22342102345678[[#This Row],[REF]] -> -1.2415075 | L74: =ABS(Table22342102345678[[#This Row],[RESyx]]) -> 1.2415075 | M74: =Table22342102345678[[#This Row],[Florent ]]*E$25+E$26 -> 9.9644745 | N74: =Table22342102345678[[#This Row],[X-Y]]^2 -> 7.2281555 | O74: =Table22342102345678[[#This Row],[yest_rect]]-Table22342102345678[[#This Row],[REF]] -> -1.6555254 | P74: =Table22342102345678[[#This Row],[dif rec]]^2 -> 2.7407645 | Q74: =ABS(Table22342102345678[[#This Row],[diff-bias]]) -> 2.3961605 | R74: =CELL("row",Table22342102345678[[#This Row],[Position]]) -> 74 | S74: =Table22342102345678[[#This Row],[REF]]-D$13 -> 0.60999965 | T74: =ABS(Table22342102345678[[#This Row],[lab-med]]) -> 0.60999965 | U74: =Table22342102345678[[#This Row],[Florent ]]-F$13 -> -1.7166912 | V74: =ABS(Table22342102345678[[#This Row],[anl-med]]) -> 1.7166912 | W74: =Table22342102345678[[#This Row],[lab-med]]*Table22342102345678[[#This Row],[anl-med]] -> -1.047181
... B142: =VALUE((Table22342102345678[[#This Row],[Column3]]-62)) -> 80 | C142: S080 | D142: 14.43 | F142: 12.65928 | G142: =Table22342102345678[[#This Row],[Florent ]]-Table22342102345678[[#This Row],[REF]] -> -1.7707199 | H142: =Table22342102345678[[#This Row],[X-Y]]-E$20 -> -1.4783575 | I142: =Table22342102345678[[#This Row],[Florent ]]-E$20 -> 12.951643 | J142: =Table22342102345678[[#This Row],[Florent ]]*E$21+E$22 -> 11.823637 | K142: =Table22342102345678[[#This Row],[Yest]]-Table22342102345678[[#This Row],[REF]] -> -2.6063631 | L142: =ABS(Table22342102345678[[#This Row],[RESyx]]) -> 2.6063631 | M142: =Table22342102345678[[#This Row],[Florent ]]*E$25+E$26 -> 12.2281 | N142: =Table22342102345678[[#This Row],[X-Y]]^2 -> 3.1354491 | O142: =Table22342102345678[[#This Row],[yest_rect]]-Table22342102345678[[#This Row],[REF]] -> -2.2019 | P142: =Table22342102345678[[#This Row],[dif rec]]^2 -> 4.8483637 | Q142: =ABS(Table22342102345678[[#This Row],[diff-bias]]) -> 1.4783575 | R142: =CELL("row",Table22342102345678[[#This Row],[Position]]) -> 142 | S142: =Table22342102345678[[#This Row],[REF]]-D$13 -> 3.42 | T142: =ABS(Table22342102345678[[#This Row],[lab-med]]) -> 3.42 | U142: =Table22342102345678[[#This Row],[Florent ]]-F$13 -> 2.0111122 | V142: =ABS(Table22342102345678[[#This Row],[anl-med]]) -> 2.0111122 | W142: =Table22342102345678[[#This Row],[lab-med]]*Table22342102345678[[#This Row],[anl-med]] -> 6.8780037

Sheet Joris R
W1: INSTRUCTIONS
C3: Joris
C6: =CONCATENATE(D62," = f (",F62," )") -> REF = f (Joris ) | H6: CALIBRATION INFORMATION
D7: =D62 -> REF | F7: =F62 -> Joris | H7: N= | I7: 500 | X7: last point=
C8: N= | E8: =COUNT(Table223421023456789[REF]) -> 80 | H8: SECV= | I8: 1.2 | X8: =62+E8 -> 142
C9: Average= | D9: =AVERAGE(Table223421023456789[REF]) -> 11.1095 | F9: =AVERAGE(Table223421023456789[[Joris ]]) -> 11.871034 | H9: Number of Terms = | J9: 12
C10: Min= | D10: =MIN(Table223421023456789[REF]) -> 8.9700003 | E10: =ROUNDDOWN(MIN(D10,F10),0) -> 8 | F10: =MIN(Table223421023456789[[Joris ]]) -> 8.1680052 | H10: Alpha= | I10: 0.05 | W10: =E10+E20 -> 8.7615335
C11: Max= | D11: =MAX(Table223421023456789[REF]) -> 14.43 | E11: =ROUNDUP(MAX(D11,F11),0)+1 -> 16 | F11: =MAX(Table223421023456789[[Joris ]]) -> 14.917526 | H11: Tvalue= | I11: =TINV(I10,E8) -> 1.9900634 | W11: =E11+E20 -> 16.761534
C12: SD= | D12: =STDEV(Table223421023456789[REF]) -> 1.172905 | F12: =STDEV(Table223421023456789[[Joris ]]) -> 1.4321686 | H12: Fvalue= | I12: =FINV(I10,E8-1,I7-1-J9) -> 1.3057951
C13: Medians= | D13: =MEDIAN(Table223421023456789[REF]) -> 11.01 | F13: =MEDIAN(Table223421023456789[[Joris ]]) -> 11.811811
C14: SD_medians= | D14: =1.4826*(MEDIAN(Table223421023456789[abs(lab)])) -> 1.4677736 | F14: =1.4826*MEDIAN(Table223421023456789[abs(anl)]) -> 1.573528
F15: Robust(medians)
C16: RMSEP= | E16: =SQRT(AVERAGE(Table223421023456789[dif^2])) -> 1.2462404 | F16: =SQRT(F18^2+E20^2) -> 1.1991605
C17: Median ABS errors= | F17: =MEDIAN(Table223421023456789[abs_errors]) -> 0.62478844
C18: SEPC= | E18: =STDEV(Table223421023456789[X-Y]) -> 0.99272387 | F18: =1.4826*MEDIAN(Table223421023456789[abs_errors]) -> 0.92631134 | H18: F_sep= | I18: =I8*I12 -> 1.5669542 | J18: =IF(E18>I18,"S"," ns ") -> ns | X18: Yrec | Y18: Xrec
C19: RSDyx= | E19: =STEYX(Table223421023456789[REF],Table223421023456789[[Joris ]]) -> 0.81092064 | F19: =1.4826*MEDIAN(Table223421023456789[Abs_erroryx]) -> 0.81687383 | W19: y1rect= | X19: =E$26+E$25*E10 -> 7.9392347 | Y19: =E10 -> 8
C20: BIAS= | E20: =F9-D9 -> 0.76153353 | F20: =F13-D13 -> 0.80181116 | H20: Tobs_bias= | I20: =ABS(E20/(SQRT(SUM(Table223421023456789[dif^2])/(E8*(E8-1))))) -> 5.4312618 | J20: =IF(I20>I11,"S","ns") -> S | W20: y2rect= | X20: =E$26+E$25*E11 -> 14.491005 | Y20: =E11 -> 16
C21: Slope= | E21: =SLOPE(Table223421023456789[REF],Table223421023456789[[Joris ]]) -> 0.59512069 | H21: Tobs_slope= | I21: =ABS(E21-1)*SQRT((E8-1)*F12^2/E19^2) -> 6.3555764 | J21: =IF(I21>I11,"S"," ns ") -> S | W21: ym= | X21: =E$26+E$25*F9 -> 11.1095 | Y21: =F9 -> 11.871034
C22: Intercept= | E22: =INTERCEPT(Table223421023456789[REF],Table223421023456789[[Joris ]]) -> 4.0448024
C23: RSQ= | E23: =RSQ(Table223421023456789[REF],Table223421023456789[[Joris ]]) -> 0.52804721 | F23: =(D12^2-F19^2)/D12^2 -> 0.51495247
C24: RPD= | E24: =1/SQRT(1-E23) -> 1.4556291 | F24: =1/SQRT(1-F23) -> 1.435846 | H24: RPD2= | I24: =D12/E19 -> 1.4463869
C25: Least rectangle slope= | E25: =(D12/F12) -> 0.81897128 | H25: Quartile75= | I25: =QUARTILE(Table223421023456789[abs_errors],3) -> 1.0917683 | W25: cov(x,y)= | X25: =COVAR(Table223421023456789[REF],Table223421023456789[[Joris ]]) -> 1.205398
C26: Least rectangle intercept= | E26: =D9-E25*F9 -> 1.3874645 | W26: sign(cov) | X26: =SIGN(X25) -> 1
C27: RMSEPrec= | E27: =SQRT(AVERAGE(Table223421023456789[dif_rec^2])) -> 0.86176959
W29: min resid= | X29: =MIN(Table223421023456789[X-Y]) -> -1.8019951 | Y29: =X29 -> -1.8019951
W30: max resid= | X30: =MAX(Table223421023456789[X-Y]) -> 3.6921323 | Y30: =X30 -> 3.6921323
X38: last point=
X39: =X8 -> 142 | Y39: the last point must be changed in serie 1 for X and Y
Y40: click in the graph
Y41: select data
X58: last point=
W59: =W60*E8 -> 66.925312 | X59: =X39 -> 142
T60: =MEDIAN(Table223421023456789[abs(lab)]) -> 0.98999975 | V60: =MEDIAN(Table223421023456789[abs(anl)]) -> 1.0613301 | W60: =MEDIAN(Table223421023456789[Produits Lab x Anl]) -> 0.8365664
D61: Y | F61: X
B62: Position | C62: SN | D62: REF | E62: Column1 | F62: Joris | G62: X-Y | H62: diff-bias | I62: Xbiased | J62: Yest | K62: RESyx | L62: Abs_erroryx | M62: yest_rect | N62: dif^2 | O62: dif rec | P62: dif_rec^2 | Q62: abs_errors | R62: Column3 | S62: lab-med | T62: abs(lab) | U62: anl-med | V62: abs(anl) | W62: Produits Lab x Anl | X62: =D62 -> REF | AA62: =F62 -> Joris
B63: =VALUE((Table223421023456789[[#This Row],[Column3]]-62)) -> 1 | C63: S001 | D63: 9.9399996 | F63: 11.001962 | G63: =Table223421023456789[[#This Row],[Joris ]]-Table223421023456789[[#This Row],[REF]] -> 1.0619623 | H63: =Table223421023456789[[#This Row],[X-Y]]-E$20 -> 0.30042876 | I63: =Table223421023456789[[#This Row],[Joris ]]-E$20 -> 10.240428 | J63: =Table223421023456789[[#This Row],[Joris ]]*E$21+E$22 -> 10.592297 | K63: =Table223421023456789[[#This Row],[Yest]]-Table223421023456789[[#This Row],[REF]] -> 0.65229788 | L63: =ABS(Table223421023456789[[#This Row],[RESyx]]) -> 0.65229788 | M63: =Table223421023456789[[#This Row],[Joris ]]*E$25+E$26 -> 10.397755 | N63: =Table223421023456789[[#This Row],[X-Y]]^2 -> 1.1277639 | O63: =Table223421023456789[[#This Row],[yest_rect]]-Table223421023456789[[#This Row],[REF]] -> 0.45775569 | P63: =Table223421023456789[[#This Row],[dif rec]]^2 -> 0.20954027 | Q63: =ABS(Table223421023456789[[#This Row],[diff-bias]]) -> 0.30042876 | R63: =CELL("row",Table223421023456789[[#This Row],[Position]]) -> 63 | S63: =Table223421023456789[[#This Row],[REF]]-D$13 -> -1.0700007 | T63: =ABS(Table223421023456789[[#This Row],[lab-med]]) -> 1.0700007 | U63: =Table223421023456789[[#This Row],[Joris ]]-F$13 -> -0.80984953 | V63: =ABS(Table223421023456789[[#This Row],[anl-med]]) -> 0.80984953 | W63: =Table223421023456789[[#This Row],[lab-med]]*Table223421023456789[[#This Row],[anl-med]] -> 0.86653952
B64: =VALUE((Table223421023456789[[#This Row],[Column3]]-62)) -> 2 | C64: S002 | D64: 10.020001 | F64: 10.998067 | G64: =Table223421023456789[[#This Row],[Joris ]]-Table223421023456789[[#This Row],[REF]] -> 0.97806699 | H64: =Table223421023456789[[#This Row],[X-Y]]-E$20 -> 0.21653346 | I64: =Table223421023456789[[#This Row],[Joris ]]-E$20 -> 10.236534 | J64: =Table223421023456789[[#This Row],[Joris ]]*E$21+E$22 -> 10.58998 | K64: =Table223421023456789[[#This Row],[Yest]]-Table223421023456789[[#This Row],[REF]] -> 0.56997934 | L64: =ABS(Table223421023456789[[#This Row],[RESyx]]) -> 0.56997934 | M64: =Table223421023456789[[#This Row],[Joris ]]*E$25+E$26 -> 10.394566 | N64: =Table223421023456789[[#This Row],[X-Y]]^2 -> 0.95661504 | O64: =Table223421023456789[[#This Row],[yest_rect]]-Table223421023456789[[#This Row],[REF]] -> 0.37456538 | P64: =Table223421023456789[[#This Row],[dif rec]]^2 -> 0.14029923 | Q64: =ABS(Table223421023456789[[#This Row],[diff-bias]]) -> 0.21653346 | R64: =CELL("row",Table223421023456789[[#This Row],[Position]]) -> 64 | S64: =Table223421023456789[[#This Row],[REF]]-D$13 -> -0.98999975 | T64: =ABS(Table223421023456789[[#This Row],[lab-med]]) -> 0.98999975 | U64: =Table223421023456789[[#This Row],[Joris ]]-F$13 -> -0.81374392 | V64: =ABS(Table223421023456789[[#This Row],[anl-med]]) -> 0.81374392 | W64: =Table223421023456789[[#This Row],[lab-med]]*Table223421023456789[[#This Row],[anl-med]] -> 0.80560628
B65: =VALUE((Table223421023456789[[#This Row],[Column3]]-62)) -> 3 | C65: S003 | D65: 10 | F65: 11.84717 | G65: =Table223421023456789[[#This Row],[Joris ]]-Table223421023456789[[#This Row],[REF]] -> 1.8471699 | H65: =Table223421023456789[[#This Row],[X-Y]]-E$20 -> 1.0856364 | I65: =Table223421023456789[[#This Row],[Joris ]]-E$20 -> 11.085636 | J65: =Table223421023456789[[#This Row],[Joris ]]*E$21+E$22 -> 11.095298 | K65: =Table223421023456789[[#This Row],[Yest]]-Table223421023456789[[#This Row],[REF]] -> 1.0952983 | L65: =ABS(Table223421023456789[[#This Row],[RESyx]]) -> 1.0952983 | M65: =Table223421023456789[[#This Row],[Joris ]]*E$25+E$26 -> 11.089956 | N65: =Table223421023456789[[#This Row],[X-Y]]^2 -> 3.4120368 | O65: =Table223421023456789[[#This Row],[yest_rect]]-Table223421023456789[[#This Row],[REF]] -> 1.0899564 | P65: =Table223421023456789[[#This Row],[dif rec]]^2 -> 1.188005 | Q65: =ABS(Table223421023456789[[#This Row],[diff-bias]]) -> 1.0856364 | R65: =CELL("row",Table223421023456789[[#This Row],[Position]]) -> 65 | S65: =Table223421023456789[[#This Row],[REF]]-D$13 -> -1.0100003 | T65: =ABS(Table223421023456789[[#This Row],[lab-med]]) -> 1.0100003 | U65: =Table223421023456789[[#This Row],[Joris ]]-F$13 -> 0.035358534 | V65: =ABS(Table223421023456789[[#This Row],[anl-med]]) -> 0.035358534 | W65: =Table223421023456789[[#This Row],[lab-med]]*Table223421023456789[[#This Row],[anl-med]] -> -0.035712128
B66: =VALUE((Table223421023456789[[#This Row],[Column3]]-62)) -> 4 | C66: S004 | D66: 10.5 | F66: 12.228309 | G66: =Table223421023456789[[#This Row],[Joris ]]-Table223421023456789[[#This Row],[REF]] -> 1.7283086 | H66: =Table223421023456789[[#This Row],[X-Y]]-E$20 -> 0.96677511 | I66: =Table223421023456789[[#This Row],[Joris ]]-E$20 -> 11.466775 | J66: =Table223421023456789[[#This Row],[Joris ]]*E$21+E$22 -> 11.322122 | K66: =Table223421023456789[[#This Row],[Yest]]-Table223421023456789[[#This Row],[REF]] -> 0.8221218 | L66: =ABS(Table223421023456789[[#This Row],[RESyx]]) -> 0.8221218 | M66: =Table223421023456789[[#This Row],[Joris ]]*E$25+E$26 -> 11.402098 | N66: =Table223421023456789[[#This Row],[X-Y]]^2 -> 2.9870508 | O66: =Table223421023456789[[#This Row],[yest_rect]]-Table223421023456789[[#This Row],[REF]] -> 0.90209805 | P66: =Table223421023456789[[#This Row],[dif rec]]^2 -> 0.81378089 | Q66: =ABS(Table223421023456789[[#This Row],[diff-bias]]) -> 0.96677511 | R66: =CELL("row",Table223421023456789[[#This Row],[Position]]) -> 66 | S66: =Table223421023456789[[#This Row],[REF]]-D$13 -> -0.51000025 | T66: =ABS(Table223421023456789[[#This Row],[lab-med]]) -> 0.51000025 | U66: =Table223421023456789[[#This Row],[Joris ]]-F$13 -> 0.41649723 | V66: =ABS(Table223421023456789[[#This Row],[anl-med]]) -> 0.41649723 | W66: =Table223421023456789[[#This Row],[lab-med]]*Table223421023456789[[#This Row],[anl-med]] -> -0.21241369
B67: =VALUE((Table223421023456789[[#This Row],[Column3]]-62)) -> 5 | C67: S005 | D67: 10.78 | F67: 13.354395 | G67: =Table223421023456789[[#This Row],[Joris ]]-Table223421023456789[[#This Row],[REF]] -> 2.5743948 | H67: =Table223421023456789[[#This Row],[X-Y]]-E$20 -> 1.8128613 | I67: =Table223421023456789[[#This Row],[Joris ]]-E$20 -> 12.592861 | J67: =Table223421023456789[[#This Row],[Joris ]]*E$21+E$22 -> 11.992279 | K67: =Table223421023456789[[#This Row],[Yest]]-Table223421023456789[[#This Row],[REF]] -> 1.2122791 | L67: =ABS(Table223421023456789[[#This Row],[RESyx]]) -> 1.2122791 | M67: =Table223421023456789[[#This Row],[Joris ]]*E$25+E$26 -> 12.32433 | N67: =Table223421023456789[[#This Row],[X-Y]]^2 -> 6.6275088 | O67: =Table223421023456789[[#This Row],[yest_rect]]-Table223421023456789[[#This Row],[REF]] -> 1.5443304 | P67: =Table223421023456789[[#This Row],[dif rec]]^2 -> 2.3849563 | Q67: =ABS(Table223421023456789[[#This Row],[diff-bias]]) -> 1.8128613 | R67: =CELL("row",Table223421023456789[[#This Row],[Position]]) -> 67 | S67: =Table223421023456789[[#This Row],[REF]]-D$13 -> -0.23000055 | T67: =ABS(Table223421023456789[[#This Row],[lab-med]]) -> 0.23000055 | U67: =Table223421023456789[[#This Row],[Joris ]]-F$13 -> 1.5425831 | V67: =ABS(Table223421023456789[[#This Row],[anl-med]]) -> 1.5425831 | W67: =Table223421023456789[[#This Row],[lab-med]]*Table223421023456789[[#This Row],[anl-med]] -> -0.35479497
B68: =VALUE((Table223421023456789[[#This Row],[Column3]]-62)) -> 6 | C68: S006 | D68: 10.45 | F68: 10.665984 | G68: =Table223421023456789[[#This Row],[Joris ]]-Table223421023456789[[#This Row],[REF]] -> 0.21598372 | H68: =Table223421023456789[[#This Row],[X-Y]]-E$20 -> -0.54554981 | I68: =Table223421023456789[[#This Row],[Joris ]]-E$20 -> 9.90445 | J68: =Table223421023456789[[#This Row],[Joris ]]*E$21+E$22 -> 10.39235 | K68: =Table223421023456789[[#This Row],[Yest]]-Table223421023456789[[#This Row],[REF]] -> -0.057649996 | L68: =ABS(Table223421023456789[[#This Row],[RESyx]]) -> 0.057649996 | M68: =Table223421023456789[[#This Row],[Joris ]]*E$25+E$26 -> 10.122599 | N68: =Table223421023456789[[#This Row],[X-Y]]^2 -> 0.046648969 | O68: =Table223421023456789[[#This Row],[yest_rect]]-Table223421023456789[[#This Row],[REF]] -> -0.32740114 | P68: =Table223421023456789[[#This Row],[dif rec]]^2 -> 0.10719151 | Q68: =ABS(Table223421023456789[[#This Row],[diff-bias]]) -> 0.54554981 | R68: =CELL("row",Table223421023456789[[#This Row],[Position]]) -> 68 | S68: =Table223421023456789[[#This Row],[REF]]-D$13 -> -0.56000045 | T68: =ABS(Table223421023456789[[#This Row],[lab-med]]) -> 0.56000045 | U68: =Table223421023456789[[#This Row],[Joris ]]-F$13 -> -1.1458279 | V68: =ABS(Table223421023456789[[#This Row],[anl-med]]) -> 1.1458279 | W68: =Table223421023456789[[#This Row],[lab-med]]*Table223421023456789[[#This Row],[anl-med]] -> 0.64166413
B69: =VALUE((Table223421023456789[[#This Row],[Column3]]-62)) -> 7 | C69: S007 | D69: 11.020001 | F69: 14.712133 | G69: =Table223421023456789[[#This Row],[Joris ]]-Table223421023456789[[#This Row],[REF]] -> 3.6921323 | H69: =Table223421023456789[[#This Row],[X-Y]]-E$20 -> 2.9305988 | I69: =Table223421023456789[[#This Row],[Joris ]]-E$20 -> 13.950599 | J69: =Table223421023456789[[#This Row],[Joris ]]*E$21+E$22 -> 12.800297 | K69: =Table223421023456789[[#This Row],[Yest]]-Table223421023456789[[#This Row],[REF]] -> 1.7802965 | L69: =ABS(Table223421023456789[[#This Row],[RESyx]]) -> 1.7802965 | M69: =Table223421023456789[[#This Row],[Joris ]]*E$25+E$26 -> 13.436279 | N69: =Table223421023456789[[#This Row],[X-Y]]^2 -> 13.631841 | O69: =Table223421023456789[[#This Row],[yest_rect]]-Table223421023456789[[#This Row],[REF]] -> 2.4162782 | P69: =Table223421023456789[[#This Row],[dif rec]]^2 -> 5.8384005 | Q69: =ABS(Table223421023456789[[#This Row],[diff-bias]]) -> 2.9305988 | R69: =CELL("row",Table223421023456789[[#This Row],[Position]]) -> 69 | S69: =Table223421023456789[[#This Row],[REF]]-D$13 -> 0.01000025 | T69: =ABS(Table223421023456789[[#This Row],[lab-med]]) -> 0.01000025 | U69: =Table223421023456789[[#This Row],[Joris ]]-F$13 -> 2.9003214 | V69: =ABS(Table223421023456789[[#This Row],[anl-med]]) -> 2.9003214 | W69: =Table223421023456789[[#This Row],[lab-med]]*Table223421023456789[[#This Row],[anl-med]] -> 0.029003939
B70: =VALUE((Table223421023456789[[#This Row],[Column3]]-62)) -> 8 | C70: S008 | D70: 10.8 | F70: 12.817647 | G70: =Table223421023456789[[#This Row],[Joris ]]-Table223421023456789[[#This Row],[REF]] -> 2.0176464 | H70: =Table223421023456789[[#This Row],[X-Y]]-E$20 -> 1.2561128 | I70: =Table223421023456789[[#This Row],[Joris ]]-E$20 -> 12.056113 | J70: =Table223421023456789[[#This Row],[Joris ]]*E$21+E$22 -> 11.672849 | K70: =Table223421023456789[[#This Row],[Yest]]-Table223421023456789[[#This Row],[REF]] -> 0.8728488 | L70: =ABS(Table223421023456789[[#This Row],[RESyx]]) -> 0.8728488 | M70: =Table223421023456789[[#This Row],[Joris ]]*E$25+E$26 -> 11.884749 | N70: =Table223421023456789[[#This Row],[X-Y]]^2 -> 4.0708969 | O70: =Table223421023456789[[#This Row],[yest_rect]]-Table223421023456789[[#This Row],[REF]] -> 1.0847487 | P70: =Table223421023456789[[#This Row],[dif rec]]^2 -> 1.1766797 | Q70: =ABS(Table223421023456789[[#This Row],[diff-bias]]) -> 1.2561128 | R70: =CELL("row",Table223421023456789[[#This Row],[Position]]) -> 70 | S70: =Table223421023456789[[#This Row],[REF]]-D$13 -> -0.21000005 | T70: =ABS(Table223421023456789[[#This Row],[lab-med]]) -> 0.21000005 | U70: =Table223421023456789[[#This Row],[Joris ]]-F$13 -> 1.0058352 | V70: =ABS(Table223421023456789[[#This Row],[anl-med]]) -> 1.0058352 | W70: =Table223421023456789[[#This Row],[lab-med]]*Table223421023456789[[#This Row],[anl-med]] -> -0.21122543
B71: =VALUE((Table223421023456789[[#This Row],[Column3]]-62)) -> 9 | C71: S009 | D71: 10.88 | F71: 10.78577 | G71: =Table223421023456789[[#This Row],[Joris ]]-Table223421023456789[[#This Row],[REF]] -> -0.094230344 | H71: =Table223421023456789[[#This Row],[X-Y]]-E$20 -> -0.85576387 | I71: =Table223421023456789[[#This Row],[Joris ]]-E$20 -> 10.024236 | J71: =Table223421023456789[[#This Row],[Joris ]]*E$21+E$22 -> 10.463637 | K71: =Table223421023456789[[#This Row],[Yest]]-Table223421023456789[[#This Row],[REF]] -> -0.41636303 | L71: =ABS(Table223421023456789[[#This Row],[RESyx]]) -> 0.41636303 | M71: =Table223421023456789[[#This Row],[Joris ]]*E$25+E$26 -> 10.2207 | N71: =Table223421023456789[[#This Row],[X-Y]]^2 -> 0.0088793578 | O71: =Table223421023456789[[#This Row],[yest_rect]]-Table223421023456789[[#This Row],[REF]] -> -0.65929996 | P71: =Table223421023456789[[#This Row],[dif rec]]^2 -> 0.43467644 | Q71: =ABS(Table223421023456789[[#This Row],[diff-bias]]) -> 0.85576387 | R71: =CELL("row",Table223421023456789[[#This Row],[Position]]) -> 71 | S71: =Table223421023456789[[#This Row],[REF]]-D$13 -> -0.13000015 | T71: =ABS(Table223421023456789[[#This Row],[lab-med]]) -> 0.13000015 | U71: =Table223421023456789[[#This Row],[Joris ]]-F$13 -> -1.0260417 | V71: =ABS(Table223421023456789[[#This Row],[anl-med]]) -> 1.0260417 | W71: =Table223421023456789[[#This Row],[lab-med]]*Table223421023456789[[#This Row],[anl-med]] -> 0.13338557
B72: =VALUE((Table223421023456789[[#This Row],[Column3]]-62)) -> 10 | C72: S010 | D72: 11.06 | F72: 12.466667 | G72: =Table223421023456789[[#This Row],[Joris ]]-Table223421023456789[[#This Row],[REF]] -> 1.4066669 | H72: =Table223421023456789[[#This Row],[X-Y]]-E$20 -> 0.64513337 | I72: =Table223421023456789[[#This Row],[Joris ]]-E$20 -> 11.705134 | J72: =Table223421023456789[[#This Row],[Joris ]]*E$21+E$22 -> 11.463974 | K72: =Table223421023456789[[#This Row],[Yest]]-Table223421023456789[[#This Row],[REF]] -> 0.40397357 | L72: =ABS(Table223421023456789[[#This Row],[RESyx]]) -> 0.40397357 | M72: =Table223421023456789[[#This Row],[Joris ]]*E$25+E$26 -> 11.597307 | N72: =Table223421023456789[[#This Row],[X-Y]]^2 -> 1.9787118 | O72: =Table223421023456789[[#This Row],[yest_rect]]-Table223421023456789[[#This Row],[REF]] -> 0.53730655 | P72: =Table223421023456789[[#This Row],[dif rec]]^2 -> 0.28869832 | Q72: =ABS(Table223421023456789[[#This Row],[diff-bias]]) -> 0.64513337 | R72: =CELL("row",Table223421023456789[[#This Row],[Position]]) -> 72 | S72: =Table223421023456789[[#This Row],[REF]]-D$13 -> 0.05000015 | T72: =ABS(Table223421023456789[[#This Row],[lab-med]]) -> 0.05000015 | U72: =Table223421023456789[[#This Row],[Joris ]]-F$13 -> 0.65485589 | V72: =ABS(Table223421023456789[[#This Row],[anl-med]]) -> 0.65485589 | W72: =Table223421023456789[[#This Row],[lab-med]]*Table223421023456789[[#This Row],[anl-med]] -> 0.032742893
B73: =VALUE((Table223421023456789[[#This Row],[Column3]]-62)) -> 11 | C73: S011 | D73: 11.09 | F73: 11.181604 | G73: =Table223421023456789[[#This Row],[Joris ]]-Table223421023456789[[#This Row],[REF]] -> 0.091603693 | H73: =Table223421023456789[[#This Row],[X-Y]]-E$20 -> -0.66992984 | I73: =Table223421023456789[[#This Row],[Joris ]]-E$20 -> 10.42007 | J73: =Table223421023456789[[#This Row],[Joris ]]*E$21+E$22 -> 10.699206 | K73: =Table223421023456789[[#This Row],[Yest]]-Table223421023456789[[#This Row],[REF]] -> -0.39079405 | L73: =ABS(Table223421023456789[[#This Row],[RESyx]]) -> 0.39079405 | M73: =Table223421023456789[[#This Row],[Joris ]]*E$25+E$26 -> 10.544877 | N73: =Table223421023456789[[#This Row],[X-Y]]^2 -> 0.0083912366 | O73: =Table223421023456789[[#This Row],[yest_rect]]-Table223421023456789[[#This Row],[REF]] -> -0.54512327 | P73: =Table223421023456789[[#This Row],[dif rec]]^2 -> 0.29715938 | Q73: =ABS(Table223421023456789[[#This Row],[diff-bias]]) -> 0.66992984 | R73: =CELL("row",Table223421023456789[[#This Row],[Position]]) -> 73 | S73: =Table223421023456789[[#This Row],[REF]]-D$13 -> 0.07999995 | T73: =ABS(Table223421023456789[[#This Row],[lab-med]]) -> 0.07999995 | U73: =Table223421023456789[[#This Row],[Joris ]]-F$13 -> -0.63020752 | V73: =ABS(Table223421023456789[[#This Row],[anl-med]]) -> 0.63020752 | W73: =Table223421023456789[[#This Row],[lab-med]]*Table223421023456789[[#This Row],[anl-med]] -> -0.05041657
B74: =VALUE((Table223421023456789[[#This Row],[Column3]]-62)) -> 12 | C74: S012 | D74: 11.62 | F74: 13.256228 | G74: =Table223421023456789[[#This Row],[Joris ]]-Table223421023456789[[#This Row],[REF]] -> 1.6362283 | H74: =Table223421023456789[[#This Row],[X-Y]]-E$20 -> 0.8746948 | I74: =Table223421023456789[[#This Row],[Joris ]]-E$20 -> 12.494695 | J74: =Table223421023456789[[#This Row],[Joris ]]*E$21+E$22 -> 11.933858 | K74: =Table223421023456789[[#This Row],[Yest]]-Table223421023456789[[#This Row],[REF]] -> 0.31385812 | L74: =ABS(Table223421023456789[[#This Row],[RESyx]]) -> 0.31385812 | M74: =Table223421023456789[[#This Row],[Joris ]]*E$25+E$26 -> 12.243935 | N74: =Table223421023456789[[#This Row],[X-Y]]^2 -> 2.6772432 | O74: =Table223421023456789[[#This Row],[yest_rect]]-Table223421023456789[[#This Row],[REF]] -> 0.62393477 | P74: =Table223421023456789[[#This Row],[dif rec]]^2 -> 0.3892946 | Q74: =ABS(Table223421023456789[[#This Row],[diff-bias]]) -> 0.8746948 | R74: =CELL("row",Table223421023456789[[#This Row],[Position]]) -> 74 | S74: =Table223421023456789[[#This Row],[REF]]-D$13 -> 0.60999965 | T74: =ABS(Table223421023456789[[#This Row],[lab-med]]) -> 0.60999965 | U74: =Table223421023456789[[#This Row],[Joris ]]-F$13 -> 1.4444168 | V74: =ABS(Table223421023456789[[#This Row],[anl-med]]) -> 1.4444168 | W74: =Table223421023456789[[#This Row],[lab-med]]*Table223421023456789[[#This Row],[anl-med]] -> 0.88109375
... B142: =VALUE((Table223421023456789[[#This Row],[Column3]]-62)) -> 80 | C142: S080 | D142: 14.43 | F142: 14.917526 | G142: =Table223421023456789[[#This Row],[Joris ]]-Table223421023456789[[#This Row],[REF]] -> 0.48752543 | H142: =Table223421023456789[[#This Row],[X-Y]]-E$20 -> -0.2740081 | I142: =Table223421023456789[[#This Row],[Joris ]]-E$20 -> 14.155992 | J142: =Table223421023456789[[#This Row],[Joris ]]*E$21+E$22 -> 12.922531 | K142: =Table223421023456789[[#This Row],[Yest]]-Table223421023456789[[#This Row],[REF]] -> -1.5074698 | L142: =ABS(Table223421023456789[[#This Row],[RESyx]]) -> 1.5074698 | M142: =Table223421023456789[[#This Row],[Joris ]]*E$25+E$26 -> 13.60449 | N142: =Table223421023456789[[#This Row],[X-Y]]^2 -> 0.23768105 | O142: =Table223421023456789[[#This Row],[yest_rect]]-Table223421023456789[[#This Row],[REF]] -> -0.8255107 | P142: =Table223421023456789[[#This Row],[dif rec]]^2 -> 0.68146792 | Q142: =ABS(Table223421023456789[[#This Row],[diff-bias]]) -> 0.2740081 | R142: =CELL("row",Table223421023456789[[#This Row],[Position]]) -> 142 | S142: =Table223421023456789[[#This Row],[REF]]-D$13 -> 3.42 | T142: =ABS(Table223421023456789[[#This Row],[lab-med]]) -> 3.42 | U142: =Table223421023456789[[#This Row],[Joris ]]-F$13 -> 3.1057143 | V142: =ABS(Table223421023456789[[#This Row],[anl-med]]) -> 3.1057143 | W142: =Table223421023456789[[#This Row],[lab-med]]*Table223421023456789[[#This Row],[anl-med]] -> 10.621543

Sheet Participants
B3: N | C3: Name | D3: Af | F3: Resume | G3: R2 | H3: RSDxy
B4: 1 | C4: Emmanuel DENIMAL | D4: AgroSup Dijon | E4: 44663 | F4: Cleaning Val, Interpol, Smooth, SNV, D1, Reassignment WL, PLS (2lv) | G4: ='Emmanuel D'!E23 -> 0.2135006 | H4: ='Emmanuel D'!E19 -> 1.0468351 | J4: =LEN(F4) -> 68
A5: 1 | B5: 2 | C5: OPEX 11 students (Julien Boyer) | D5: OPEX-Brest | E5: 44704 | F5: Clean interpol smooth SNV SG1 OSC realign PLS (2F) | G5: =OPEX!E23 -> 0.66920761 | H5: =OPEX!E19 -> 0.6789016
B6: 3 | C6: Yves Lijour | D6: OPEX-Brest | E6: 44710 | F6: realignement Warping DIPLS (Domaine Invariant PLS) | G6: =Lijour!E23 -> 0.045160822 | H6: =Lijour!E19 -> 1.1534378
B7: 4 | C7: Mohammed LOUDIYI | D7: GEVES | E7: 44710 | F7: realignement linéaire | G7: ='Loudiyi '!E23 -> 0.40559628 | H7: ='Loudiyi '!E19 -> 0.9100596
A8: 2 | B8: 5 | C8: Matthieu Lesnoff | D8: CIRAD | E8: 44711 | F8: Lag-remove EPO-transfer KNN1-avg | G8: =Lesnoff!E23 -> 0.67546896 | H8: =Lesnoff!E19 -> 0.67244567 | I8: x
A9: 3 | B9: 6 | C9: Jean-Michel Roger | D9: INRAe | E9: 44711 | F9: Median filter, shift correction, calibration transfer uDOP. | G9: =Roger!E23 -> 0.45889115 | H9: =Roger!E19 -> 0.86830318 | I9: x
A10: 4 | B10: 7 | C10: Dansler Lucas | D10: Akka Technologies | E10: 44711 | F10: PCA cleaning, normalize + warping (PTW), PLS 9F | G10: =Dansler!E23 -> 0.79163426 | H10: =Dansler!E19 -> 0.53881817 | I10: x
B11: 8 | C11: Florent Abdelghafour & Maxime Ryckewaert | D11: INRAe | E11: 44711 | F11: Clean (interpol), realign (filtres Gaus.), SNV, SG5,3,2 UDOP, PLS pred Image | G11: ='A Florent'!E23 -> 0.40758058 | H11: ='A Florent'!E19 -> 0.9085393
